0,주차장 위치
1,눈이 아파
2,정시 경쟁률보기
3,대학안내
4,셔틀 시간
5,2호선 잠실역
6,안녕
7,안녕
8,진료 연락처
9,대학안내
10,식당 연락처
11,생활관식당
12,시험
13,감염내과
14,위치
15,병원 안내
16,위치
17,병원
18,종양내과 위치
19,무엇을
20,챗봇으로 무엇을 할 수 있나요?
21,챗봇
22,진료 안내
23,진료 예약
24,2. 진료 예약
25,진료 예약
26,3호선 위치
27,제1전공
28,변경정보
29,진료 연락처
30,감염내과
31,성적
32,성적
33,경쟁률보기
34,경쟁률보기
35,학생부종합 경쟁률보기
36,예
37,아니오
38,아니오
39,진료 시간
40,가정의학과
41,대학안내
42,셔틀 위치
43,학사안내
44,2호선 신촌역
45,셔틀 연락처
46,셔틀 위치
47,3호선 불광역
48,셔틀 연락처
49,학사안내
50,학사안내
51,학사안내
52,대학안내
53,병원 안내
54,위치
55,주차장
56,병원
57,주차장
58,진료 위치
59,류마티스내과
60,진료 위치
61,가정의학과
62,진료 시간
63,감염내과
64,가정의학
65,예
66,진료 시간
67,재활병원
68,재활의학과
69,대학생활안내
70,식당 시간
71,진료 예약
72,2
73,1
74,3
75,4
76,대학안내
77,식당 시간
78,진료 예약
79,대학생활안내
80,식당 위치 알려줭
81,식당 위치 알려줭
82,대학안내
83,식당 시간
84,대학생활안내
85,식당 위치
86,식당 시간
87,진료 위치
88,진료 위치
89,가정의학과
90,가정의학과
91,진료 위치
92,가정의학과
93,가정의학과
94,위치
95,안녕
96,세탁실
97,식당 위치 알려줰
98,식당 위치 알려줰
99,진료 예약
100,진료 위치
101,병리과
102,대학안내
103,진료 위치
104,병리
105,대학생활안내
106,진료 위치
107,대학안내
108,셔틀 위치
109,3호선 압구정역
110,대학안내
111,식당 시간
112,식당 시간
113,성적
114,출석
115,출석
116,대학생활안내
117,병원 위치
118,진료 예약
119,대학생활안내
120,진료 예약
121,식당 위치
122,식당 위치
123,진료 안내
124,진료 예약
125,대학안내
126,식당 시간
127,예
128,대학안내
129,청향 어디
130,예
131,2. 진료 예약
132,진료 위치
133,가정의학
134,진료 예약
135,대학안내
136,식당 시간
137,진료 안내
138,진료 예약
139,병원 안내
140,시간
141,요금
142,시간
143,재활병원
144,의료진
145,가정의학과
146,처음으로
147,의료진
148,위치 알려줘
149,진료과
150,대학생활안내
151,식당 시간
152,hi
153,hi
154,mo
155,경쟁률보기
156,경쟁률보기
157,수시 경쟁률보기
158,학생부종합 경쟁률보기
159,대학안내
160,식당 연락처
161,하이
162,하이
163,병원 안내
164,위치
165,주차장
166,병원
167,정산소
168,병원
169,진료 예약
170,병원 안내
171,진료 안내
172,전화번호
173,소개
174,진료 예약
175,진료 안내
176,진료 예약
177,병원 안내
178,하이
179,진료 안내
180,진료 예약
181,대학안내
182,진료 예약
183,대학생활안내
184,대학안내
185,기타서비스
186,기타서비스
187,대학안내
188,식당 시간
189,대학안내
190,식당 시간
191,진료 예약
192,대학생활안내
193,한울식당 운영시간 알려줘
194,대학생활안내
195,대학생활안내
196,대학생활안내
197,몇시야
198,진료 안내
199,위치
200,가정의학과
201,예
202,대학안내
203,식당 위치
204,대학안내
205,성적
206,성적
207,성적
208,성적
209,출석
210,출석
211,대학안내
212,대학안내
213,예
214,예
215,대학안내
216,대학안내
217,기타서비스
218,기타서비스
219,셔틀 연락처
220,성적
221,성적
222,5호선 광화문역
223,성적등급기준
224,성적경고
225,성적경고
226,예
227,아니오
228,아니오
229,예
230,예
231,예
232,성적등급기준
233,성적등급기준
234,진료 예약
235,호텔
236,의사
237,진료 예약
238,안되나
239,의료
240,진료 위치
241,가정의학과
242,감여맨과
243,진료 위치
244,병리ㅗ가
245,소아심장과
246,배가 아파
247,진료 예약
248,진료 안내
249,위치
250,재활병원
251,진료 예약
252,예
253,진료 안내
254,진료 안내
255,2월 학사일정
256,2월
257,대학안내
258,식당 시간
259,진료 예약
260,진료 예약
261,병원 안내
262,위치
263,귀가 아파
264,경쟁률보기
265,경쟁률보기
266,주차장 위치
267,진료 예약
268,상세정보
269,진료 연락처
270,안_이비인후과병원
271,대학안내
272,시간
273,2. 진료 예약
274,진료 연락처
275,시험
276,주차장 위치
277,병원안내
278,진료안내
279,진료예약
280,처음으로
281,병원안내
282,진료예약
283,진료예약
284,진료안내
285,진료 안내
286,진료 예약
287,진료안내
288,진료예약
289,진료 안내
290,처음으로
291,처음 으로
292,처음으로
293,진료 위치
294,1. 진료과
295,가정의학
296,진료 안내
297,전화번호
298,식당 위치 알려줭
299,식당 위치 알려줭
300,성적
301,성적안내
302,대학생활안내
303,식당 위치
304,식당 위치
305,80's music
306,80's music
307,I can only perform one operation at a time. We can start with the first one. What would you like me to do?
308,80's music on
309,music on
310,music turn on
311,turn on my music
312,Turn on my lights
313,air on
314,turn on my Wiper
315,baroque music please
316,air on
317,please air on
318,please turn on air
319,please turn ont the air
320,please turn on the aircon
321,2월
322,예
323,진료 예약
324,하이
325,하이
326,NA
327,방가방가
328,진료 예약
329,제1전공
330,제1전공
331,변경정보
332,신청기간
333,진료 예약
334,예
335,대학안내
336,예
337,진료 예약
338,진료 예약
339,안녕하세요!
340,안녕하세요!
341,날씨 알려주세요!
342,진료 예약
343,의료진
344,병리과
345,아니오
346,예
347,아니오
348,의료진
349,정형외과
350,처음으로
351,진료 예약
352,진료 예약
353,의료진
354,가정의학과
355,의료진
356,처음으로
357,의료진
358,병리과
359,진료 예약
360,대학생활안내
361,식당 시간
362,대학안내
363,식당 시간
364,주차장 위치
365,1. 진료 안내
366,2. 진료 예약
367,3. 병원 안내
368,1. 진료 안내
369,2. 진료 예약
370,3. 병원 안내
371,병원 안내
372,진료 안내
373,위치
374,전화번호
375,위치
376,가정의학과
377,병원안내
378,위치
379,대학안내
380,청향 언제
381,생활관 식당 언제
382,병원 안내
383,진료 예약
384,예약해줘
385,의료진
386,가정의학과
387,식당 위치 알려줭
388,진료 예약
389,대학안내
390,학사안내
391,상세정보
392,진료 위치
393,위치
394,대학안내
395,식당 시간
396,진료 전화
397,1. 진료과
398,병리
399,대학생활안내
400,식당 위치
401,병원 안내
402,성적
403,성적등급기준
404,성적안내
405,성적안내
406,진료 안내
407,위치
408,진료 예약
409,소개
410,진료 예약
411,시간
412,진료 안내
413,전화번호
414,시간
415,병원 안내
416,진료 예약
417,진료 안내
418,의료진
419,가정의학과
420,진료 예약
421,진료 예약
422,진료 안내
423,위치
424,진료과
425,진료 예약
426,예약하려구요
427,눈이 뻑뻒해
428,오늘 날씨 어땡?
429,맛집 알려줘
430,얘기좀 하자
431,대학생활안내
432,식당 시간
433,1. 진료 안내
434,시간
435,진료
436,진료
437,재활병원
438,치료
439,재활병원
440,진료 예약
441,진료 안내
442,하이
443,위치 알려줘
444,진료 예약
445,대학안내
446,식당 시간
447,진료 안내
448,시간
449,대학안내
450,식당 위치
451,진료 위치
452,병리
453,대학생활안내
454,진료 위치
455,가정의학과
456,위치 알려줘
457,진료과
458,병원 안내
459,신촌역 셔틀 시간 알려줘 ㅠ
460,대학안내
461,학사안내
462,대학안내
463,기타서비스
464,기타서비스
465,학사안내
466,상세정보
467,진료 시간
468,외과
469,소아심장과
470,성적
471,성적등급기준
472,성적등급기준
473,병원 안내
474,진료 예약
475,병원 위치
476,진료 안내
477,진료 위치
478,가정의학과
479,진료 예약
480,대학생활안내
481,식당 위치 알려줘
482,식당 위치 알려줘
483,위치
484,가정의학과
485,가정의학
486,상세정보
487,대학안내
488,진료 안내
489,진료 안내
490,소개
491,위치
492,심장혈관병원
493,다나와
494,송도
495,에러 났다
496,ㅎㅎ
497,하이
498,진료 예약
499,예
500,하이
501,어디야
502,대학안내
503,2. 진료 예약
504,예약 하려구요
505,1
506,예약 할까말까
507,성적
508,성적안내
509,진료 전화
510,7. 어린이병원
511,소아심장과
512,3월
513,식당 메뉴
514,진료 예약
515,예
516,병원 안내
517,병원 안내
518,안녕
519,안녕
520,병리과 위치
521,대학안내
522,식당 시간
523,3호선 셔틀버스
524,전화번호
525,접수및외래안내
526,ㄹㄴ이ㅣ
527,진료 연락처
528,가정의학과
529,처음으로
530,대학안내
531,식당 위치
532,진료 시간
533,가정의학과
534,예
535,진료 안내
536,대학안내
537,식당 시간
538,주차장 위치 알려줘
539,병원 위치
540,진료안내
541,진료예약
542,대학안내
543,식당 시간
544,9월
545,진료 연락처
546,안이비인후과병원
547,안과
548,주차장 위치
549,처음으로
550,진료안내
551,진료예약
552,병원안내
553,처음으로
554,진료 안내
555,진료 연락처
556,정형외과
557,대학안내
558,진료 예약
559,대학안내
560,식당 위치
561,성적
562,축제
563,아니오
564,예
565,예
566,대학안내
567,대학안내
568,성적
569,성적
570,출석
571,출석
572,아니오
573,예
574,예
575,대학안내
576,성적
577,성적
578,기타서비스
579,기타서비스
580,성적등급기준
581,성적등급기준
582,아니오
583,아니오
584,대학안내
585,식당 연락처
586,대학안내
587,기타서비스
588,기타서비스
589,셔틀 위치
590,셔틀 연락처
591,대학안내
592,식당 시간
593,예
594,A병동
595,진료과
596,감염내과
597,가정의학과
598,병리과
599,진료 예약
600,진료 예약
601,진료 예약
602,진료 예약
603,병원 안내
604,전화번호
605,식당
606,시간
607,진료 안내
608,병원 안내
609,성적
610,성적
611,성적안내
612,재수강
613,대학생활안내
614,병원 안내
615,위치
616,병원
617,주차장
618,진료 위치
619,진료 예약
620,진료 안내
621,전화번호
622,대학안내
623,식당 위치
624,학사안내
625,2. 진료 예약
626,진료 위치
627,가정의학
628,대학생활안내
629,식당 시간
630,대학안내
631,식당 위치
632,진료 위치
633,병리과
634,진료 예약
635,진료 위치
636,가정의학
637,진료 위치
638,병리
639,진료 위치
640,가정의학
641,병원 약도
642,병원
643,진료예약
644,병원안내
645,위치
646,진료 예약
647,8월
648,2월
649,2. 진료 예약
650,예
651,아니오
652,진료 안내
653,진료 안내
654,전화번호
655,심장혈관병원
656,대학안내
657,식당 시간
658,진료 전화
659,1. 진료과
660,병리
661,가정의학
662,재활병원
663,재활의학과
664,소아정신과
665,어린이병원
666,소아외과
667,예
668,진료 시간
669,가정의학과
670,아니오
671,예
672,진료 안내
673,시간
674,어린이병원
675,하이
676,하이
677,진료 안내
678,병원 안내
679,내리는 비
680,진료 예약
681,예
682,진료 안내
683,위치
684,가정의학과
685,대학생활안내
686,식당 시간
687,가는 길
688,시설
689,가정의학과
690,시간
691,병원 위치
692,예
693,진료 예약
694,병원 안내
695,진료 예약
696,예
697,하이
698,식당 위치
699,식당 위치
700,식당 연락처
701,진료 예약
702,네
703,진료 안내
704,위치
705,가정의학과
706,방가방가
707,방가방가
708,가정의학과
709,위치
710,전화
711,진료 전화
712,8. 연세암병원
713,병원 위치
714,병원 위치
715,진료 예약
716,병원 안내
717,위치
718,소개
719,병원
720,주차장
721,장례식장
722,진료 안내
723,전화번호
724,"안, 이비인후과병원"
725,연세암병원
726,심장혈관병원
727,진료 예약
728,진료 예약
729,진료 예약
730,정시 경쟁률보기
731,진료 예약
732,AirChat으로 개발시작하기
733,챗봇 다이얼로그 메시지관리
734,WATSON 다이얼로그 등록
735,AirChat으로 개발시작하기
736,챗봇 다이얼로그 메시지관리
737,AirChat으로 개발시작하기
738,AirChat으로 개발시작하기
739,챗봇 다이얼로그 메시지관리
740,AirChat UI
741,WATSON 다이얼로그 등록
742,AirChat 소개
743,회사 소개
744,1
745,회사 소개
746,AirChat 소개
747,AirChat UI
748,AirChat 관리
749,AirChat으로 챗봇만들기
750,챗봇 컨트롤 관리
751,AirChat호텔(데모)
752,레스토랑 예약
753,객실 예약
754,리바
755,2018-1-26
756,20:00 Dinner
757,"어른:1명, 아이:1명"
758,예
759,ㅎㅎ
760,01012322222
761,아니오
762,예
763,가정의학과
764,소아심장과
765,소아심장과
766,소아심장과
767,소아심장과
768,가정의학과
769,위치 알려줘
770,가정의학과
771,가정의학과
772,병리과
773,진료 위치
774,가정의학과
775,병리과
776,가정의학과
777,병리
778,진료과
779,예
780,예
781,세브란스병원
782,진료과
783,가정의학과
784,이덕철
785,예
786,세브란스병원
787,진료과
788,가정의학과
789,이덕철
790,예
791,세브란스병원
792,진료과
793,가정의학과
794,이덕철
795,예
796,세브란스병원
797,진료과
798,가정의학과
799,이덕철
800,예
801,세브란스병원
802,진료과
803,가정의학과
804,이덕철
805,예
806,세브란스병원
807,진료과
808,가정의학과
809,이덕철
810,예
811,세브란스병원
812,진료과
813,가정의학과
814,이덕철
815,예
816,세브란스병원
817,진료과
818,가정의학과
819,이덕철
820,예
821,세브란스병원
822,진료과
823,가정의학과
824,이덕철
825,예
826,세브란스병원
827,진료과
828,가정의학과
829,예
830,세브란스병원
831,진료과
832,가정의학과
833,이덕철
834,예
835,세브란스병원
836,진료과
837,가정의학과
838,이덕철
839,예
840,세브란스병원
841,진료과
842,가정의학과
843,이덕철
844,예
845,세브란스병원
846,진료과
847,가정의학과
848,이덕철
849,예
850,세브란스병원
851,진료과
852,가정의학과
853,이덕철
854,예
855,세브란스병원
856,진료과
857,감염내과
858,병리과
859,가정의학과
860,예
861,세브란스병원
862,진료과
863,가정의학과
864,강희철
865,예약시간선택
866,ㅇㄹㅇㄹㅇ
867,예
868,세브란스병원
869,진료과
870,가정의학과
871,이덕철
872,예약시간선택
873,뭐해용
874,예
875,세브란스병원
876,진료과
877,가정의학과
878,이덕철
879,예
880,세브란스병원
881,진료과
882,가정의학과
883,강희철
884,예
885,세브란스병원
886,진료과
887,가정의학과
888,강희철
889,예약시간선택
890,ㄴㅇㄹㄴㅇㄹ
891,예
892,세브란스병원
893,진료과
894,가정의학과
895,이덕철
896,예약시간선택
897,호ㅓ호ㅓ
898,예
899,세브란스병원
900,진료과
901,가정의학과
902,이덕철
903,예약시간선택
904,ㅀㄴㅇㅀ
905,예
906,세브란스병원
907,진료과
908,가정의학과
909,이덕철
910,예
911,세브란스병원
912,진료과
913,가정의학과
914,이덕철
915,예
916,세브란스병원
917,진료과
918,가정의학과
919,이덕철
920,예
921,세브란스병원
922,진료과
923,가정의학과
924,이덕철
925,2018-2-14
926,예약시간선택
927,ㄴㅇㄹㄴㅇㄹ
928,예
929,세브란스병원
930,진료과
931,가정의학과
932,이덕철
933,2018-2-14
934,예약시간선택
935,ㄴㅇㄹ
936,예
937,세브란스병원
938,진료과
939,가정의학과
940,이덕철
941,2018-2-14
942,예약시간선택
943,ㄴㅇㄹ
944,예
945,예
946,세브란스병원
947,진료과
948,감염내과
949,예
950,세브란스병원
951,진료과
952,가정의학과
953,강희철
954,2018-2-15
955,예약시간선택
956,ㄴㅇㄻㄴㅇㄹ
957,아니오
958,예
959,예
960,세브란스병원
961,진료과
962,가정의학과
963,심재용
964,2018-2-22
965,예약시간선택
966,ㄴㅇㄹㄴㅇㄹ
967,아니오
968,예
969,세브란스병원
970,진료과
971,가정의학과
972,강희철
973,2018-2-23
974,예약시간선택
975,ㅁㄻㄹㄴ
976,아니오
977,아니오
978,예
979,세브란스병원
980,진료과
981,가정의학과
982,이덕철
983,2018-2-22
984,예약시간선택
985,ㅁㄻㄴㄻㄴ
986,아니오
987,아니오
988,예
989,세브란스병원
990,진료과
991,가정의학과
992,이덕철
993,2018-2-14
994,예약시간선택
995,ㄴㅇㄹㄴㅇㄹ
996,예
997,예
998,세브란스병원
999,진료과
1000,가정의학과
1001,강희철
1002,2018-2-6
1003,예
1004,세브란스병원
1005,진료과
1006,가정의학과
1007,이덕철
1008,예
1009,세브란스병원
1010,진료과
1011,가정의학과
1012,이덕철
1013,2018-2-12
1014,예
1015,세브란스병원
1016,진료과
1017,가정의학과
1018,이덕철
1019,2018-2-7
1020,2018-2-16
1021,예
1022,세브란스병원
1023,진료과
1024,가정의학과
1025,이덕철
1026,2018-2-11
1027,예
1028,세브란스병원
1029,진료과
1030,가정의학과
1031,이덕철
1032,2018-2-8
1033,예
1034,세브란스병원
1035,진료과
1036,가정의학과
1037,이덕철
1038,2018-2-9
1039,예
1040,세브란스병원
1041,진료과
1042,가정의학과
1043,이덕철
1044,2018-2-9
1045,2018-2-16
1046,예
1047,세브란스병원
1048,진료과
1049,가정의학과
1050,강희철
1051,2018-2-15
1052,예약시간선택
1053,ㅇㅀㄴㅀ
1054,아니오
1055,아니오
1056,예
1057,세브란스병원
1058,진료과
1059,가정의학과
1060,강희철
1061,2018-2-7
1062,예
1063,세브란스병원
1064,진료과
1065,가정의학과
1066,강희철
1067,2018-2-8
1068,예
1069,세브란스병원
1070,진료과
1071,가정의학과
1072,강희철
1073,2018-2-5
1074,2018-2-15
1075,예약시간선택
1076,sdfsdf
1077,아니오
1078,예
1079,세브란스병원
1080,진료과
1081,감염내과
1082,NA
1083,예
1084,세브란스병원
1085,진료과
1086,가정의학과
1087,예
1088,세브란스병원
1089,진료과
1090,가정의학과
1091,예
1092,세브란스병원
1093,진료과
1094,가정의학과
1095,예
1096,세브란스병원
1097,진료과
1098,가정의학과
1099,강희철
1100,예
1101,세브란스병원
1102,진료과
1103,가정의학과
1104,이덕철
1105,강희철
1106,예
1107,세브란스병원
1108,진료과
1109,가정의학과
1110,강희철
1111,예
1112,세브란스병원
1113,진료과
1114,가정의학과
1115,예
1116,세브란스병원
1117,진료과
1118,가정의학과
1119,이덕철<br>진료시간
1120,이덕철<br>진료시간
1121,이덕철<br>진료시간
1122,예
1123,세브란스병원
1124,진료과
1125,가정의학과
1126,강희철
1127,2018-2-6
1128,강희철
1129,강희철
1130,예
1131,세브란스병원
1132,진료과
1133,가정의학과
1134,이덕철<br>진료시간
1135,예
1136,세브란스병원
1137,진료과
1138,가정의학과
1139,예
1140,세브란스병원
1141,진료과
1142,가정의학과
1143,예
1144,세브란스병원
1145,진료과
1146,가정의학과
1147,이덕철<br>진료시간
1148,감염내과
1149,강희철
1150,가정의학과
1151,예
1152,세브란스병원
1153,진료과
1154,가정의학과
1155,예
1156,세브란스병원
1157,진료과
1158,가정의학과
1159,예
1160,세브란스병원
1161,진료과
1162,가정의학과
1163,감염내과
1164,예
1165,세브란스병원
1166,진료과
1167,가정의학과
1168,예
1169,세브란스병원
1170,진료과
1171,가정의학과
1172,예
1173,세브란스병원
1174,진료과
1175,가정의학과
1176,이덕철<br>진료시간
1177,예
1178,세브란스병원
1179,진료과
1180,가정의학과
1181,예
1182,세브란스병원
1183,진료과
1184,가정의학과
1185,예
1186,세브란스병원
1187,진료과
1188,가정의학과
1189,예
1190,세브란스병원
1191,진료과
1192,가정의학과
1193,예
1194,세브란스병원
1195,진료과
1196,가정의학과
1197,이덕철<br>진료시간
1198,2018-2-15
1199,예약시간선택
1200,예
1201,세브란스병원
1202,진료과
1203,가정의학과
1204,예
1205,세브란스병원
1206,진료과
1207,가정의학과
1208,이덕철
1209,예
1210,세브란스병원
1211,진료과
1212,가정의학과
1213,강희철
1214,예
1215,세브란스병원
1216,진료과
1217,가정의학과
1218,예
1219,세브란스병원
1220,진료과
1221,가정의학과
1222,예
1223,세브란스병원
1224,진료과
1225,가정의학과
1226,강희철
1227,예
1228,세브란스병원
1229,진료과
1230,가정의학과
1231,예
1232,세브란스병원
1233,진료과
1234,가정의학과
1235,예
1236,세브란스병원
1237,진료과
1238,가정의학과
1239,예
1240,세브란스병원
1241,진료과
1242,가정의학과
1243,예
1244,세브란스병원
1245,진료과
1246,가정의학과
1247,이덕철
1248,예
1249,세브란스병원
1250,진료과
1251,가정의학과
1252,예
1253,세브란스병원
1254,진료과
1255,가정의학과
1256,예
1257,세브란스병원
1258,진료과
1259,가정의학과
1260,이덕철
1261,예
1262,세브란스병원
1263,진료과
1264,가정의학과
1265,예
1266,세브란스병원
1267,진료과
1268,가정의학과
1269,예
1270,세브란스병원
1271,진료과
1272,가정의학과
1273,예
1274,세브란스병원
1275,진료과
1276,가정의학과
1277,예
1278,세브란스병원
1279,진료과
1280,가정의학과
1281,예
1282,세브란스병원
1283,진료과
1284,가정의학과
1285,예
1286,세브란스병원
1287,진료과
1288,가정의학과
1289,예
1290,세브란스병원
1291,진료과
1292,가정의학과
1293,예
1294,세브란스병원
1295,진료과
1296,가정의학과
1297,예
1298,세브란스병원
1299,진료과
1300,가정의학과
1301,예
1302,세브란스병원
1303,진료과
1304,가정의학과
1305,예
1306,세브란스병원
1307,강희철
1308,강희철
1309,2018-2-15
1310,강희철
1311,예
1312,세브란스병원
1313,진료과
1314,가정의학과
1315,이덕철
1316,예
1317,세브란스병원
1318,진료과
1319,가정의학과
1320,이덕철
1321,예
1322,예
1323,세브란스병원
1324,진료과
1325,가정의학과
1326,강희철
1327,강희철
1328,이덕철
1329,예
1330,세브란스병원
1331,진료과
1332,가정의학과
1333,강희철
1334,예
1335,세브란스병원
1336,진료과
1337,가정의학과
1338,강희철
1339,예
1340,예
1341,세브란스병원
1342,진료과
1343,가정의학과
1344,이덕철
1345,예
1346,예
1347,세브란스병원
1348,진료과
1349,가정의학과
1350,심재용
1351,예
1352,이덕철
1353,예
1354,2018-2-23
1355,예
1356,세브란스병원
1357,진료과
1358,가정의학과
1359,강희철
1360,예
1361,세브란스병원
1362,진료과
1363,가정의학과
1364,이덕철
1365,아니오
1366,강희철
1367,아니오
1368,심재용
1369,아니오
1370,예
1371,세브란스병원
1372,진료과
1373,가정의학과
1374,강희철
1375,예
1376,이덕철
1377,아니오
1378,강희철
1379,이덕철
1380,예
1381,예
1382,강희철
1383,심재용
1384,이덕철
1385,이덕철
1386,강희철
1387,심재용
1388,예
1389,예
1390,세브란스병원
1391,진료과
1392,가정의학과
1393,강희철
1394,심재용
1395,예
1396,2018-2-7
1397,2018-2-21
1398,예약시간선택
1399,ㅑㅕ햐ㅕ햐ㅕㅎ
1400,아니오
1401,예
1402,예
1403,세브란스병원
1404,진료과
1405,가정의학과
1406,예
1407,세브란스병원
1408,진료과
1409,가정의학과
1410,예
1411,세브란스병원
1412,진료과
1413,가정의학과
1414,심재용
1415,예
1416,예
1417,세브란스병원
1418,진료과
1419,가정의학과
1420,강희철
1421,예
1422,2018-2-15
1423,예약시간선택
1424,ㅁㄴㅇㄻㄴㄹㅇ
1425,예
1426,세브란스병원
1427,진료과
1428,가정의학과
1429,강희철
1430,예
1431,A병동
1432,진료과
1433,가정의학과
1434,강희철
1435,예
1436,2018-2-21
1437,예약시간선택
1438,예
1439,A병동
1440,진료과
1441,가정의학과
1442,강희철
1443,예
1444,2018-2-14
1445,09:00AM
1446,ㅁㄻㄴㄹ
1447,예
1448,예
1449,A병동
1450,A병동
1451,클리닉/센터
1452,클리닉/센터
1453,간센터
1454,통증클리닉
1455,예
1456,예
1457,A병동
1458,진료과
1459,감염내과
1460,가정의학과
1461,이덕철
1462,예
1463,예
1464,A병동
1465,아니오
1466,예
1467,A병동
1468,클리닉/센터
1469,당뇨병센터
1470,통증클리닉
1471,당뇨병센터
1472,아니오
1473,예
1474,예
1475,예
1476,예
1477,예
1478,예
1479,아니오
1480,예
1481,예
1482,A병동
1483,진료과
1484,가정의학과
1485,예
1486,A병동
1487,진료과
1488,가정의학과
1489,이덕철
1490,이덕철
1491,이덕철
1492,예
1493,예
1494,A병동
1495,진료과
1496,가정의학과
1497,예
1498,A병동
1499,진료과
1500,가정의학과
1501,예
1502,A병동
1503,진료과
1504,가정의학과
1505,예
1506,A병동
1507,진료과
1508,가정의학과
1509,예
1510,A병동
1511,진료과
1512,가정의학과
1513,예
1514,A병동
1515,진료과
1516,가정의학과
1517,이덕철
1518,예
1519,A병동
1520,진료과
1521,가정의학과
1522,예
1523,A병동
1524,진료과
1525,가정의학과
1526,이덕철
1527,예
1528,A병동
1529,진료과
1530,가정의학과
1531,예
1532,A병동
1533,진료과
1534,가정의학과
1535,예
1536,A병동
1537,진료과
1538,가정의학과
1539,심재용
1540,예
1541,A병동
1542,진료과
1543,가정의학과
1544,이덕철
1545,예
1546,이덕철
1547,예
1548,A병동
1549,진료과
1550,가정의학과
1551,예
1552,A병동
1553,진료과
1554,가정의학과
1555,예
1556,A병동
1557,진료과
1558,가정의학과
1559,예
1560,A병동
1561,진료과
1562,가정의학과
1563,예
1564,A병동
1565,진료과
1566,가정의학과
1567,예
1568,A병동
1569,진료과
1570,가정의학과
1571,예
1572,A병동
1573,진료과
1574,가정의학과
1575,예
1576,A병동
1577,진료과
1578,가정의학과
1579,예
1580,A병동
1581,진료과
1582,가정의학과
1583,예
1584,A병동
1585,진료과
1586,가정의학과
1587,예
1588,A병동
1589,진료과
1590,가정의학과
1591,예
1592,A병동
1593,진료과
1594,가정의학과
1595,강희철
1596,예
1597,A병동
1598,진료과
1599,감염내과
1600,가정의학과
1601,아니오
1602,예
1603,A병동
1604,진료과
1605,예
1606,예
1607,예
1608,예
1609,A병동
1610,진료과
1611,가정의학과
1612,이덕철
1613,예
1614,A병동
1615,예
1616,A병동
1617,클리닉/센터
1618,통증클리닉
1619,예
1620,A병동
1621,클리닉/센터
1622,예
1623,A병동
1624,클리닉/센터
1625,진료과
1626,간센터
1627,가정의학과
1628,클리닉/센터
1629,간센터
1630,예
1631,A병동
1632,예
1633,예
1634,예
1635,A병동
1636,진료과
1637,가정의학과
1638,예
1639,A병동
1640,진료과
1641,가정의학과
1642,강희철
1643,예
1644,예
1645,A병동
1646,진료과
1647,가정의학과
1648,강희철
1649,예
1650,A병동
1651,진료과
1652,가정의학과
1653,심재용
1654,예
1655,2018-2-9
1656,2018-2-19
1657,예
1658,A병동
1659,진료과
1660,가정의학과
1661,이덕철
1662,예
1663,2018-2-14
1664,01:00PM
1665,변동사항이 생기면 12시 전에 알려주세요~
1666,예
1667,예
1668,A병동
1669,진료과
1670,가정의학과
1671,이덕철
1672,예
1673,2018-2-21
1674,01:00PM
1675,예
1676,예
1677,예
1678,A병동
1679,예
1680,아니오
1681,예
1682,심장혈관병원
1683,재활병원
1684,어린이병원
1685,예
1686,예
1687,A병동
1688,예
1689,예
1690,예
1691,예
1692,A병동
1693,클리닉/센터
1694,진료과
1695,통증클리닉
1696,예
1697,예
1698,A병동
1699,예
1700,예
1701,예
1702,A병동
1703,클리닉/센터
1704,아니오
1705,예
1706,예
1707,예
1708,A병동
1709,A병동
1710,클리닉/센터
1711,예
1712,A병동
1713,클리닉/센터
1714,간센터
1715,당뇨병센터
1716,NA
1717,NA
1718,예
1719,A병동
1720,진료과
1721,가정의학과
1722,이덕철
1723,이덕철
1724,이덕철
1725,예
1726,예
1727,예
1728,예
1729,예
1730,A병동
1731,진료과
1732,감염내과
1733,예
1734,예
1735,A병동
1736,진료과
1737,가정의학과
1738,심재용
1739,예
1740,예
1741,A병동
1742,진료과
1743,감염내과
1744,가정의학과
1745,이덕철
1746,예
1747,2018-2-19
1748,01:00PM
1749,예
1750,A병동
1751,진료과
1752,가정의학과
1753,강희철
1754,예
1755,1
1756,예
1757,A병동
1758,진료과
1759,예
1760,네
1761,네
1762,1
1763,A병동
1764,1
1765,A병동
1766,진료과
1767,A병동
1768,A병동
1769,클리닉/센터
1770,통증클리닉
1771,당뇨병센터
1772,NA
1773,입학전형안내
1774,학사안내
1775,A병동
1776,진료과
1777,가정의학과
1778,A병동
1779,진료과
1780,감염내과
1781,NA
1782,진료과
1783,가정의학과
1784,이덕철
1785,예
1786,A병동
1787,클리닉/센터
1788,간센터
1789,진료과
1790,가정의학과
1791,심재용
1792,A병동
1793,A병동
1794,클리닉/센터
1795,진료과
1796,가정의학과
1797,이덕철
1798,강희철
1799,예
1800,A병동
1801,진료과
1802,가정의학과
1803,심재용
1804,대학생활안내
1805,A병동
1806,진료과
1807,A병동
1808,진료과
1809,가정의학과
1810,심재용
1811,클리닉/센터
1812,A병동
1813,진료과
1814,가정의학과
1815,강희철
1816,축제
1817,A병동
1818,진료과
1819,가정의학과
1820,A병동
1821,진료과
1822,가정의학과
1823,A병동
1824,A병동
1825,클리닉/센터
1826,당뇨병센터
1827,NA
1828,통증클리닉
1829,A병동
1830,A병동
1831,진료과
1832,가정의학과
1833,진료 예약
1834,진료 예약
1835,진료 예약
1836,2. 진료 예약
1837,진료 예약
1838,진료예약~~
1839,진료 안내~~
1840,3월
1841,9월
1842,진료 위치
1843,병리
1844,8월
1845,예약해줘
1846,진료 안내
1847,위치
1848,외과
1849,9월
1850,아니오
1851,진료 예약
1852,진료 연락
1853,1. 진료과
1854,가정의학
1855,병리
1856,감염내과
1857,대학안내
1858,진료 예약
1859,병원 안내
1860,진료 예약
1861,예
1862,A병동
1863,진료과
1864,가정의학과
1865,심재용
1866,네
1867,네
1868,진료 예약
1869,진료 위치
1870,성적
1871,성적안내
1872,예
1873,대학안내
1874,식당 위치
1875,생활관식당
1876,성적
1877,성적등급기준
1878,성적경고
1879,성적경고
1880,출석
1881,출석
1882,진료 위치
1883,가정의학과
1884,병원 안내
1885,진료 예약
1886,전화번호
1887,얼마야
1888,기타시설
1889,진료 예약
1890,대학안내
1891,식당 위치
1892,식당시간
1893,예
1894,병원 안내
1895,위치
1896,주차장
1897,주차장
1898,병원
1899,병원 안내
1900,위치
1901,병원
1902,주차장
1903,진료 예약
1904,hi
1905,hi
1906,5월
1907,맛집 추천해줘
1908,뭐먹지
1909,진료 안내
1910,위치
1911,재활병원
1912,병리과
1913,위치
1914,진료 예약
1915,안녕
1916,안녕
1917,넌 뭐야?
1918,대학안내
1919,대학안내
1920,진료 전화
1921,1. 진료과
1922,병리
1923,진료 위치
1924,병리과
1925,hi
1926,hi
1927,바보
1928,바보
1929,바보
1930,몇살이야jQuery1123014183279450435715_1516849921382
1931,몇 살이야?
1932,24?
1933,성별이 뭐야?
1934,좋아하는 음악 있니?
1935,진료 위치
1936,가정의학
1937,성적
1938,성적
1939,성적안내
1940,성적경고
1941,병원 안내
1942,진료 예약
1943,하이
1944,하이
1945,병원 안내
1946,위치
1947,주차장
1948,병원안내
1949,병원안내
1950,병원
1951,3월
1952,진료 위치
1953,가정의학과
1954,진료 예약
1955,병원 안내
1956,시간
1957,위치
1958,"안, 이비인후과병원"
1959,재활병원
1960,연세암병원
1961,대학안내
1962,식당 위치
1963,진료 예약
1964,언제쯤 추위가 풀리지
1965,언제쯤 추위가 풀리지
1966,대학안내
1967,식당시간
1968,진료 예약
1969,진료 예약
1970,병원 안내
1971,진료 위치
1972,가정의학
1973,대학안내
1974,식당 시간
1975,예
1976,대학안내
1977,식당 시간
1978,예
1979,진료안내
1980,처음으로
1981,진료 예약
1982,아니
1983,식당
1984,병원 안내
1985,전화번호
1986,병원
1987,병원 안내
1988,전화번호
1989,병원
1990,하이
1991,하이
1992,방가방가
1993,진료 예약
1994,진료 예약
1995,진료 안내
1996,진료시간
1997,가정의학과
1998,대학안내
1999,학생식당 시간
2000,진료 시간
2001,가정의학
2002,진료 안내
2003,시험
2004,축제
2005,축제
2006,식당 위치 알려줭
2007,식당 위치 알려줭
2008,식당 위치 알려줘
2009,학생식당 위치 알려줘
2010,교직원식당 위치 알랴죠
2011,진료 예약
2012,하이
2013,하이
2014,렐로우
2015,진료시간
2016,가정의학과
2017,처음으로
2018,진료시간
2019,예
2020,세브란스병원
2021,진료과
2022,가정의학과
2023,이덕철
2024,예
2025,2018-2-13
2026,예약시간선택
2027,ㄴㄹㅇㄹㅇㄹㅇ
2028,예
2029,처음으로
2030,처음으로
2031,진료 예약
2032,대학안내
2033,학식 전화번호
2034,병원 위치
2035,편입학 경쟁률보기
2036,대학안내
2037,셔틀 시간
2038,3호선 압구정역
2039,병원
2040,진료 예약
2041,예
2042,진료 안내
2043,위치
2044,전화번호
2045,시간
2046,진료 안내
2047,위치
2048,가정의학과
2049,식당
2050,식당
2051,대학안내
2052,셔틀 위치
2053,병원 약도
2054,진료 예약
2055,진료 안내
2056,진료 위치
2057,병리과
2058,진료 위치
2059,병리과
2060,정형외과
2061,대학안내
2062,셔틀 연락처
2063,2호선 신촌역
2064,진료 위치
2065,병리과
2066,진료 안내
2067,위치
2068,가정의학과
2069,진료예약
2070,위치
2071,가정의학과
2072,대학안내
2073,청향 시간
2074,생활관식당
2075,상세정보
2076,성적
2077,성적
2078,성적안내
2079,재수강
2080,대학안내
2081,셔틀 연락처
2082,3호선 압구정역
2083,2호선 신촌역
2084,진료 위치
2085,병원 안내
2086,진료 안내
2087,수시 경쟁률보기
2088,9월
2089,5월
2090,4월
2091,시험
2092,예
2093,대학안내
2094,식당 위치
2095,상세정보
2096,병원 안내
2097,위치
2098,주차장
2099,병원
2100,진료 위치
2101,병리과
2102,가정의학과
2103,정형외과
2104,대학생활안내
2105,셔틀 시간
2106,병원 안내
2107,위치
2108,주차장
2109,하이
2110,진료 위치
2111,가정의학과
2112,대학안내
2113,식당 시간
2114,대학안내
2115,식당 시간
2116,예
2117,대학안내
2118,시험
2119,진료 안내
2120,위치
2121,하이
2122,상세정보
2123,대학안내
2124,대학안내
2125,1. 진료 안내
2126,진료 예약
2127,시간
2128,위치 알려줘
2129,병원 위치
2130,진료 시간
2131,가정의학
2132,재활병원
2133,진료 안내
2134,대학안내
2135,셔틀 어디서 타
2136,진료 전화
2137,1. 진료과
2138,가정의학과
2139,진료 예약
2140,병원 안내
2141,전화번호
2142,주차장
2143,하이
2144,하이
2145,제 1전공
2146,성적
2147,성적안내
2148,병원 안내
2149,위치
2150,주차장
2151,병원
2152,대학안내
2153,식당 연락처
2154,진료 연락처
2155,"안, 이비인후과병원"
2156,안과
2157,진료 위치
2158,진료 전화
2159,외과
2160,진료 예약
2161,진료시간
2162,병리과
2163,처음으로
2164,진료시간
2165,가정의학과
2166,상세정보
2167,진료 안내
2168,진료과 안내
2169,위치
2170,가정의학
2171,가정의학과
2172,진료시간
2173,가정의학과
2174,처음으로
2175,안녕
2176,안녕
2177,대학안내
2178,식당 위치
2179,예
2180,예
2181,예
2182,성적
2183,성적안내
2184,진료 예약
2185,대학안내
2186,기타서비스
2187,기타서비스
2188,성적
2189,성적
2190,예
2191,대학안내
2192,성적
2193,성적
2194,성적경고
2195,성적경고
2196,진료 예약
2197,진료 위치
2198,가정의학과
2199,처음으로
2200,AirChat 소개
2201,대학생활안내
2202,식당 시간
2203,진료 전화
2204,1. 진료과
2205,진료 윛
2206,병리
2207,대학안내
2208,학사안내
2209,대학안내
2210,진료 윛;
2211,재활의학과
2212,진료 시간
2213,가정의학과
2214,예
2215,진료 시간
2216,감염내과
2217,연세암병원
2218,종양내과
2219,진료 예약
2220,상세정보
2221,의료진
2222,가정의학과
2223,진료 위치
2224,병리과
2225,대학안내
2226,학사안내
2227,대학안내
2228,식당 위치 알려줭
2229,식당 위치 알려줭
2230,진료 예약
2231,2. 진료 예약
2232,진료 예약
2233,진료 예약
2234,진료 예약
2235,진료 위치
2236,가정의학과
2237,성적
2238,성적
2239,성적
2240,성적등급기준
2241,출석
2242,대학안내
2243,식당 시간
2244,예약해줘
2245,진료 예약
2246,제 1전공
2247,병원 약도
2248,병원 안내
2249,위치
2250,주차장
2251,대학생활안내
2252,식당 위치
2253,챗봇 서비스 관리(WATSON)
2254,챗봇 서비스 관리(WATSON)
2255,챗봇 컨트롤 관리
2256,챗봇 컨트롤 관리
2257,챗봇 서비스 관리(WATSON)
2258,대학안내
2259,청향 위치
2260,대학안내
2261,대학안내
2262,진료 예약
2263,병원 안내
2264,시간
2265,진료 연락처
2266,감염내과
2267,진료 위치
2268,병리
2269,진료 예약
2270,병원 안내
2271,시간
2272,식당
2273,장례식장
2274,약국
2275,제1전공
2276,제1전공
2277,신청정보
2278,변경정보
2279,병원안내
2280,기타안내
2281,편의시설
2282,식당
2283,우리라운지
2284,기타편의시설
2285,기타편의시설
2286,대학안내
2287,병원 안내
2288,소개
2289,위치
2290,대학안내
2291,셔틀 연락처
2292,3호선 불광역
2293,가정의학과 진료시간
2294,병원 위치
2295,처음으로
2296,주차장 위치
2297,hi
2298,hi
2299,6월
2300,예
2301,진료 예약
2302,병원 위치
2303,병원
2304,아니오
2305,진료 위치
2306,가정의학과
2307,식당 위치
2308,식당 위치
2309,진료 예약
2310,아니오
2311,병원 안내
2312,전화번호
2313,하이
2314,배가 아파
2315,청향 위치 알려줘
2316,진료 예약
2317,아뇨
2318,진료 시간
2319,가정의학과
2320,예
2321,수시 경쟁률보기
2322,병원 안내
2323,위치
2324,병원
2325,의료진
2326,가정의학과
2327,진료 안내
2328,위치
2329,진료 예약
2330,진료 위치
2331,가정의학
2332,정시 경쟁률보기
2333,경쟁률보기
2334,경쟁률보기
2335,정시 경쟁률보기
2336,재외국인 경쟁률보기
2337,약도
2338,병원
2339,연혁
2340,청향 연락처 알려줘
2341,대학안내
2342,셔틀 위치
2343,3호선 불광역
2344,대학안내
2345,대학안내
2346,예
2347,세브란스병원
2348,진료과
2349,가정의학과
2350,강희철
2351,예
2352,2018-2-14
2353,예약시간선택
2354,안해!
2355,예
2356,처음으로
2357,처음으로
2358,진료 안내
2359,의료진
2360,가정의학과
2361,제1전공
2362,신청정보
2363,변경정보
2364,변경정보
2365,진료 위치
2366,1. 진료과
2367,영상의학과
2368,병원 안내
2369,위치
2370,진료 위치
2371,진료 위치
2372,예
2373,AirChat 소개
2374,AirChat 관리
2375,하이
2376,하이
2377,기능이 머가있어
2378,가정의학과
2379,위치
2380,2월
2381,진료 시가
2382,가정의학과
2383,진료 시간
2384,가정의학과
2385,진료안내
2386,진료 시간
2387,가정의학과
2388,처음으로
2389,하이
2390,하이
2391,식당 위치 알려줭
2392,식당 위치 알려줭
2393,진료 시간
2394,가정의학
2395,병원 안내
2396,위치
2397,주차장
2398,제 1전공
2399,대학생활안내
2400,길음역 시간
2401,대학생활안내
2402,위치 알려줘
2403,약도
2404,진료 안내
2405,전화번호
2406,"안, 이비인후과병원"
2407,재활병원
2408,"안, 이비인후과병원"
2409,클리닉센터
2410,전화번호
2411,대학안내
2412,학사안내
2413,기타서비스
2414,기타서비스
2415,진료 위치
2416,병리
2417,제1전공
2418,변경정보
2419,신청기간
2420,대학안내
2421,병원 안내
2422,위치
2423,주차장
2424,병원
2425,병원안내
2426,병원안내
2427,진료 예약
2428,식당 위치
2429,식당 위치
2430,그래
2431,진료 예약
2432,상세정보
2433,학사안내
2434,2월
2435,1월
2436,진료 안내
2437,위치
2438,전화번호
2439,시간
2440,대학생활안내
2441,식당 시간
2442,예약해줘
2443,진료 안내
2444,전화번호
2445,진료시간
2446,센터
2447,간센터
2448,안녕
2449,배고파
2450,머리가 아파
2451,진료안내
2452,배 아파
2453,메뉴 추천
2454,노래 추천
2455,몇살이니
2456,야
2457,너
2458,니
2459,뭐해
2460,취미
2461,뭐하니
2462,퇴근
2463,여자야?
2464,남자야?
2465,재밌다 ㅎㅎ
2466,음.. 뭘 물어봐야하지
2467,똒똑하다
2468,똑똑하다구
2469,안녕
2470,야
2471,hi
2472,네
2473,잘지내
2474,뭐하고있어?
2475,멍청이
2476,반가워
2477,있잖아
2478,이름이 뭐야?
2479,알려달라공
2480,야
2481,너
2482,야
2483,야
2484,위치 알려줘
2485,진료 예약
2486,성적
2487,성적안내
2488,출석
2489,출석
2490,대학안내
2491,기타서비스
2492,진료 예약
2493,제 1전공
2494,진료 예약
2495,병원 안내
2496,성적
2497,성적안내
2498,진료 예약
2499,싫어요
2500,12월
2501,5월
2502,대학안내
2503,셔틀 시간
2504,2호선 신촌역
2505,병원 위치
2506,대학생활안내
2507,식당 위치
2508,식당 시간
2509,진료 예약
2510,진료 예약
2511,병원 안내
2512,위치
2513,요금
2514,세탁실
2515,정산소
2516,진료 안내
2517,장소가 어딘가요
2518,위치
2519,병원
2520,병원 안내
2521,소개
2522,채용공고
2523,검사실 전화번호
2524,주차장 위치 알려줘
2525,주차요금
2526,본원 주차장 알려줘
2527,검사실 원목실 전화번호
2528,원목실 검사실 전화번호
2529,원목실 전화번호
2530,대학생활안내
2531,셔틀 시간
2532,하이
2533,하이
2534,하이
2535,대학생활안내
2536,식당 메뉴
2537,대학생활안내
2538,메뉴
2539,진료 예약
2540,진료 예약
2541,진료 예약
2542,진료 시간
2543,가정의학과
2544,예
2545,진료 시간
2546,가정의학과
2547,진료 예약
2548,예
2549,병원
2550,1
2551,주차장
2552,약도
2553,교통수단별 오시는 길
2554,담당자 연결하기
2555,의료진
2556,가정의학과
2557,이덕철
2558,대학안내
2559,셔틀 시간
2560,2호선 신촌역
2561,진료 안내
2562,위치
2563,진료 안내
2564,병원 안내
2565,전화번호
2566,소개
2567,위치
2568,외과
2569,연세암병원
2570,클리닉센터
2571,내과
2572,클리닉센터
2573,watson
2574,watson
2575,WATSON 등록
2576,WATSON 다이얼로그 등록
2577,방가방가
2578,watson 다이얼로그 등록
2579,watson 문의
2580,챗봇
2581,챗봇 구성이 어떻게 돼나요
2582,챗봇 구성이 어떻게 돼나요
2583,챗봇 구성이 어떻게 돼나요
2584,챗봇 구성이 어떻게 돼나요
2585,챗봇 구성이 어떻게 돼나요
2586,챗봇 개발가이드
2587,하이
2588,하이
2589,진료 예약
2590,대학안내
2591,식당 연락처
2592,8월
2593,식당
2594,식당
2595,대학안내
2596,식당 시간
2597,진료 안내
2598,위치
2599,전화번호
2600,시간
2601,진료과
2602,진료 예약
2603,병원 안내
2604,소개
2605,졸려
2606,괴로워
2607,대학안내
2608,식당 시간
2609,병원 야곧
2610,진료 예약
2611,예
2612,진료 안내
2613,위치
2614,성적
2615,성적안내
2616,진료 예약
2617,진료 연락처
2618,예
2619,대학안내
2620,진료 예약
2621,병원 안내
2622,전화번호
2623,세탁실
2624,식당
2625,진료 예약
2626,진료 안내
2627,하이
2628,진료 위치
2629,병리
2630,대학생활안내
2631,식당 위치
2632,식당
2633,진료 예약
2634,대학안내
2635,셔틀 시간
2636,3호선 불광역
2637,진료 예약
2638,병리과
2639,시간
2640,진료 위치
2641,가정의학
2642,진료 위치
2643,노년내과
2644,11월
2645,대학안내
2646,진료 위치
2647,가정의학과
2648,처음으로
2649,진료 연락처
2650,가정의학과
2651,처음으로
2652,대학안내
2653,대학안내
2654,식당 시간
2655,대학안내
2656,식당 위치
2657,식당 연락처
2658,예
2659,성적
2660,예
2661,예
2662,아니오
2663,아니오
2664,예
2665,축제
2666,병원 약도
2667,진료시간
2668,병리과
2669,예
2670,진료시간
2671,정형외과
2672,처음으로
2673,진료시간
2674,진료 예약
2675,진료 예약
2676,주차장 위치
2677,대학안내
2678,셔틀 시간
2679,진료 예약
2680,예
2681,세브란스병원
2682,진료과
2683,가정의학과
2684,이덕철
2685,예
2686,2018-2-21
2687,예약시간선택
2688,ㅁㅇㄻㄴㅇㄹ
2689,예
2690,병원안내
2691,병원안내
2692,진료안내
2693,진료예약
2694,진료예약
2695,진료 위치
2696,가정의학과
2697,진료 예약
2698,대학안내
2699,오늘 날씨 어때
2700,성적
2701,출석
2702,성적경고
2703,성적경고
2704,성적등급기준
2705,성적등급기준
2706,진료 예약
2707,대학안내
2708,식당 연락처
2709,생활관식당
2710,진료 안내
2711,전화번호
2712,가정의학과
2713,병원안내
2714,위치
2715,전화번호
2716,정산소
2717,의료진
2718,가정의학과
2719,대학생활안내
2720,식당 시간
2721,학사안내
2722,진료 안내
2723,시간
2724,가정의학과
2725,진료안내
2726,위치
2727,병리과
2728,진료예약
2729,진료 시간
2730,가정의학과
2731,예
2732,진료 시간
2733,가정의학과
2734,아니오
2735,예
2736,진료 시간
2737,가정의학과
2738,아니오
2739,아니오
2740,진료 시간
2741,가정의학
2742,아니오
2743,진료 시간
2744,진료 위치
2745,가정의학과
2746,정형외과
2747,병원 안내
2748,시간
2749,병원
2750,진료 예약
2751,진료 안내
2752,위치
2753,진료 전화
2754,1. 진료과
2755,진료 안내
2756,시간
2757,2. 진료 예약
2758,진료 예약
2759,예
2760,A병동
2761,진료 안내
2762,진료 예약
2763,예
2764,8월
2765,대학안내
2766,식당 시간
2767,예
2768,2. 진료 예약
2769,진료 예약
2770,진료 안내
2771,위치
2772,전화번호
2773,진료 위치
2774,방가방가
2775,방가방가
2776,진료 예약
2777,진료 시간
2778,가정의학과
2779,상세정보
2780,진료 위치
2781,병리
2782,진료 예약
2783,진료 안내
2784,전화번호
2785,시간
2786,외과
2787,진료 안내
2788,전화번호
2789,시험
2790,병원 안내
2791,진료 예약
2792,진료 위치
2793,가정의학과
2794,식당 위치
2795,식당 위치
2796,대학생활안내
2797,식당 위치
2798,병원 안내
2799,위치
2800,전화번호
2801,가정의학과
2802,가정의학과
2803,진료 예약
2804,병원 안내
2805,진료 예약
2806,대학생활안내
2807,식당 시간
2808,병원 안내
2809,대학안내
2810,학사안내
2811,셔틀 위치
2812,3호선 불광역
2813,1. 진료 안내
2814,시험
2815,병원 안내
2816,위치
2817,주차장
2818,병원
2819,진료 안내
2820,진료안내
2821,처음으로
2822,진료 안내
2823,처음으로
2824,위치
2825,진료 안내
2826,진료 예약
2827,진료 연락처
2828,"안, 이비인후과병원"
2829,안과
2830,전화번호
2831,진료 위치
2832,1. 진료과
2833,소화기내과
2834,대학안내
2835,식당 시간
2836,대학생활안내
2837,경쟁률보기
2838,진료 예약
2839,진료 위치
2840,병리
2841,hi
2842,hi
2843,하이
2844,하이
2845,헬로우
2846,성적
2847,축제
2848,주차장 위치 알려줘
2849,주차장 위치
2850,병원 위치
2851,병원
2852,주차장 위치
2853,진료 예약
2854,예
2855,성적
2856,성적등급기준
2857,예
2858,아니오
2859,진료 안내
2860,진료 안내
2861,전화번호
2862,외과
2863,"안, 이비인후과병원"
2864,어린이병원
2865,전화번호
2866,"안, 이비인후과병원"
2867,어린이병원
2868,연세암병원
2869,클리닉센터
2870,대학안내
2871,식당 시간
2872,병원 안내
2873,위치
2874,주차장
2875,병원
2876,진료 예약
2877,대학안내
2878,오늘 청향 열어
2879,진료 예약
2880,의료실이 어디에요
2881,병원
2882,1. 진료 안내
2883,2. 진료 예약
2884,3. 병원 안내
2885,식당 위치
2886,식당 위치
2887,대학생활안내
2888,식당 위치
2889,식당 위치
2890,성적
2891,성적안내
2892,병원 약도
2893,소아심장과
2894,위치
2895,진료 시간
2896,어린이병원
2897,클리닉센터
2898,진료 예약
2899,가정의학과
2900,시간
2901,진료 안내
2902,아니
2903,진료 예약
2904,1. 진료 안내
2905,위치
2906,병원
2907,진료 연락처
2908,가정의학과
2909,진료 예약
2910,진료 시간
2911,가정이학과
2912,진료시간
2913,가정의학과
2914,진료 예약
2915,진료 예약
2916,2. 진료 예약
2917,그래
2918,진료 예약
2919,진료 위치
2920,7. 어린이병원
2921,소아심장과
2922,불광역 셔틀 위치 알려줘
2923,진료 예약
2924,병원 안내
2925,시간
2926,요금
2927,위치
2928,외과
2929,어린이병원
2930,대학안내
2931,식당 시간
2932,청향 위치
2933,시험
2934,시험
2935,3월
2936,5월
2937,가정의학과
2938,시간
2939,진료 예약
2940,진료 예약
2941,대학안내
2942,셔틀 위치
2943,2호선 잠실역
2944,대학안내
2945,식당 시간
2946,병원 안내
2947,위치
2948,주차장
2949,병원
2950,진료 위치
2951,가정의학
2952,진료 연락처
2953,가정의학과
2954,처음으로
2955,위치 알려줘
2956,병원
2957,대학생활안내
2958,대학생활안내
2959,오늘 학생식당 메뉴가 뭐야?
2960,제 1전공
2961,대학안내
2962,식당 위치
2963,대학안내
2964,식당 시간
2965,예
2966,진료 연락처
2967,가정의학과
2968,아니오
2969,예
2970,진료 시간
2971,가정의학
2972,재활병원
2973,진료시간
2974,4월
2975,대학안내
2976,한울식당 시간
2977,진료 위치
2978,의료진
2979,가정의학과
2980,대학안내
2981,기타서비스
2982,기타서비스
2983,진료 전화
2984,1. 진료과
2985,8월
2986,진료 예약
2987,진료 예약
2988,진료 안내
2989,전화번호
2990,대학생활안내
2991,셔틀 시간
2992,병리과
2993,위치
2994,청향 위치
2995,청향 위치
2996,진료 안내
2997,위치
2998,진료 예약
2999,진료 예약
3000,예
3001,진료 안내
3002,위치
3003,가정의학과
3004,예
3005,담당자 연결하기
3006,진료 예약
3007,성적
3008,성적
3009,성적등급기준
3010,출석
3011,진료 예약
3012,의료진
3013,가정의학과
3014,니가 의사야?
3015,이런
3016,약국 어디야
3017,다 모른다고
3018,이게 칭찬이야
3019,병원 안내
3020,시간
3021,진료 예약
3022,식당 위치
3023,식당 시간
3024,식당 연락처
3025,식당 종류
3026,식당 메뉴
3027,오늘 메뉴
3028,대학안내
3029,학식 시간
3030,2. 진료 예약
3031,외과
3032,어린이병원
3033,진료 위치
3034,진료 위치
3035,병리과
3036,1. 진료 안내
3037,예
3038,아니오
3039,진료 예약
3040,진료 예약
3041,진료 예약
3042,8월
3043,진료 연락처
3044,감염내과
3045,가정의학과
3046,시간
3047,대학안내
3048,병원 안내
3049,위치
3050,주차장
3051,병원
3052,진료 예약
3053,성적
3054,성적
3055,성적등급기준
3056,출석
3057,입학안내
3058,진료 안내
3059,위치
3060,외과
3061,진료 예약
3062,진료 예약
3063,제1전공
3064,신청정보
3065,예
3066,진료 예약
3067,예
3068,세브란스병원
3069,진료과
3070,가정의학과
3071,이덕철
3072,2018-2-23
3073,예약시간선택
3074,ㄴㅇㄻㄻ
3075,예
3076,처음으로
3077,처음으로
3078,병원 안내
3079,위치
3080,주차장
3081,진료 위치
3082,병리
3083,진료 안내
3084,진료 시간
3085,대학안내
3086,대학안내
3087,성적
3088,성적
3089,성적
3090,성적
3091,병원 안내
3092,위치
3093,주차장
3094,병원안내
3095,식당 위치
3096,식당 위치
3097,대학안내
3098,식당 시간
3099,예
3100,대학안내
3101,진료 안내
3102,전화번호
3103,심장혈관병원
3104,어린이병원
3105,클리닉센터
3106,예
3107,전화번호
3108,전화번호
3109,재활병원
3110,"안, 이비인후과병원"
3111,연세암병원
3112,클리닉센터
3113,병원 안내
3114,시간
3115,주차장
3116,진료 시간
3117,1. 진료과
3118,가정의학과
3119,아니오
3120,진료 위치
3121,가정의학과
3122,가정의학과
3123,대학안내
3124,식당 연락처
3125,위치 알려줘
3126,진료과
3127,진료 예약
3128,예
3129,진료 위치
3130,가정의학
3131,진료 위치
3132,질뇨과
3133,진료 위치
3134,가정의학
3135,진료 예약
3136,진료 안내
3137,진료 예약
3138,대학안내
3139,진료 안내
3140,대학안내
3141,식당 연락처
3142,대학안내
3143,식당 시간
3144,아니오
3145,예
3146,진료 예약
3147,대학안내
3148,진료 시간
3149,1. 진료과
3150,가정의학
3151,1. 진료과
3152,병리
3153,1. 진료과
3154,경쟁률보기
3155,진료 예약
3156,병원 안내
3157,위치
3158,주차장
3159,병원안내
3160,진료안내
3161,진료예약
3162,병원 약도
3163,성적
3164,시험
3165,의료진
3166,가정의학과
3167,병원 위치
3168,진료 예약
3169,진료 예약
3170,아니오
3171,식당 위치 알려줭
3172,식당 위치 알려줭
3173,진료 안내
3174,진료 예약
3175,병원 안내
3176,위치
3177,주차장 위치
3178,예
3179,A병동
3180,진료과
3181,가정의학과
3182,강희철
3183,예
3184,2018-2-22
3185,01:00PM
3186,ㅁㄴㄻㄴㄹ
3187,아니오
3188,아니오
3189,처음으로
3190,처음으로
3191,진료 안내
3192,전화번호
3193,위치
3194,진료 안내
3195,진료 예약
3196,위치
3197,예
3198,예
3199,외과
3200,외과
3201,진료 예약
3202,대학안내
3203,진료 시간
3204,가정의학과
3205,감염내과
3206,가정의학과
3207,감염내과
3208,대학안내
3209,셔틀 위치
3210,1호선 시청역
3211,예
3212,식당 위치 알려줭
3213,식당 위치 알려줭
3214,식당 위치 알랴죠
3215,의료진
3216,가정의학과
3217,예약해줘
3218,기타서비스
3219,기타서비스
3220,검사실 전화번호 알려줘
3221,진료 예약
3222,날씨
3223,병원 안내
3224,시간
3225,식당
3226,버스
3227,버스
3228,병원
3229,병원
3230,병원 위치
3231,처음으로
3232,주차장 위치
3233,처음으로
3234,주차장 위치
3235,진료 예약
3236,내과 시간
3237,진료 예약
3238,병원 안내
3239,위치
3240,식당
3241,예
3242,진료 안내
3243,진료 시간
3244,1. 진료과
3245,병리
3246,1. 진료과
3247,가정의학
3248,감염내과
3249,1. 진료과
3250,대학안내
3251,식당 시간
3252,위치
3253,병원
3254,위치
3255,어린이병원
3256,대학안내
3257,진료 예약
3258,2월
3259,9월
3260,경쟁률보기
3261,진료 안내
3262,전화번호
3263,재활병원
3264,대학안내
3265,셔틀 이용하려는데요
3266,병원 위치
3267,병원
3268,대학안내
3269,식당 시간
3270,대학안내
3271,셔틀 위치
3272,3호선 불광역
3273,진료 시간
3274,1. 진료과
3275,병리
3276,1. 진료과
3277,진료 위치
3278,가정의학과
3279,처음으로
3280,병원 안내
3281,위치
3282,병원
3283,주차장
3284,정산소
3285,진료 연락처
3286,병원
3287,진료 시간
3288,가정의학과
3289,처음으로
3290,진료 안내
3291,진료 예약
3292,진료 예약
3293,진료 위치
3294,가정의학
3295,진료 예약
3296,대학안내
3297,식당 연락처
3298,생활관식당
3299,식당 위치 알려줭
3300,예
3301,세브란스병원
3302,진료과
3303,가정의학과
3304,심재용
3305,아니오
3306,이덕철
3307,예
3308,2018-2-14
3309,예약시간선택
3310,없음
3311,예
3312,처음으로
3313,처음으로
3314,진료 예약
3315,진료 안내
3316,전화번호
3317,연세암병원
3318,병원 안내
3319,위치
3320,주차장
3321,병원
3322,대학안내
3323,식당 시간
3324,생활관식당
3325,진료 시간
3326,재활의학과
3327,병리과
3328,위치
3329,병원 안내
3330,위치
3331,주차장
3332,병원
3333,위치 알려줘
3334,진료과
3335,진료 예약
3336,예
3337,위치
3338,병원
3339,아니오
3340,진료 안내
3341,전화번호
3342,챗봇 개발가이드
3343,챗봇 개발가이드
3344,진료 예약
3345,병원 안내
3346,전화번호
3347,소개
3348,식당
3349,세탁실
3350,약국
3351,주차장
3352,주차요금
3353,아니오
3354,아니오
3355,예
3356,예
3357,7월
3358,대학안내
3359,식당 시간
3360,진료 예약
3361,진료 안내
3362,대학안내
3363,학사안내
3364,대학안내
3365,식당 시간
3366,예
3367,진료 안내
3368,위치
3369,시간
3370,hi
3371,hi
3372,가정의학과
3373,진료 위치
3374,진료 위치
3375,가정의학과
3376,진료 위치
3377,병리과
3378,진료 위치
3379,병리과
3380,진료 안내
3381,성적
3382,성적안내
3383,배가 아파
3384,병원 전화번호가 뭐예요?
3385,검사실 전화번호 알려줘
3386,진료 위치
3387,노년내과
3388,진료 예약
3389,병원 안내
3390,전화번호
3391,소개
3392,장례식장
3393,주차장
3394,병원
3395,대학안내
3396,식당 시간
3397,아니오
3398,예
3399,병원 안내
3400,위치
3401,주차장
3402,병원
3403,진료 예약
3404,병원 안내
3405,위치
3406,식당 위치 알려줭
3407,식당 위치 알려줭
3408,대학생활안내
3409,식당 위치 알려주라주
3410,식당 위치 알려줰
3411,식당 위치 알려줰
3412,식당 위치 알려줭
3413,3월 학사안내
3414,대학안내
3415,진료 안내
3416,위치
3417,성적
3418,성적안내
3419,성적등급기준
3420,성적등급기준
3421,대학생활안내
3422,식당 위치
3423,식당 시간
3424,진료 안내
3425,위치
3426,외과
3427,오늘 메뉴
3428,진료 안내
3429,진료 안내
3430,대학안내
3431,식당 시간
3432,위치 알려줘
3433,진료과
3434,진료 시간
3435,감염내과
3436,3. 병원 안내
3437,위치
3438,진료 위치
3439,노년내과
3440,수강신청 상세정보
3441,진료 안내
3442,위치
3443,가정의학과
3444,진료예약
3445,진료예약
3446,병원 안내
3447,위치
3448,의료진
3449,가정의학과
3450,그래
3451,진료예약
3452,진료 예약
3453,진료 예약
3454,대학안내
3455,식당 시간
3456,2. 진료 예약
3457,8월
3458,진료 예약
3459,진료 위치
3460,병리
3461,병원 안내
3462,처음으로
3463,병원 안내
3464,위치
3465,주차장
3466,병원안내
3467,전화번호
3468,위치
3469,예
3470,세브란스병원
3471,진료과
3472,가정의학과
3473,이덕철
3474,2018-2-8
3475,2018-2-15
3476,예약시간선택
3477,주차권 주세요
3478,예
3479,처음으로
3480,처음으로
3481,진료 예약
3482,병원 안내
3483,위치
3484,주차장
3485,병원
3486,병원 약도
3487,진료 시간
3488,재활병원
3489,감염내과
3490,진료 위치
3491,가정의학
3492,진료 위치
3493,병리과
3494,상세정보
3495,예
3496,성적
3497,성적안내
3498,재수강
3499,아무것도 몰라여
3500,이것도 모르면 어케 하나?
3501,홀
3502,식당
3503,상세정보
3504,병원 위치
3505,진료 안내
3506,위치
3507,가정의학과
3508,병원 안내
3509,위치
3510,주차장
3511,병원
3512,병원안내
3513,가정의학과
3514,위치
3515,진료 예약
3516,진료 예약
3517,병원 안내
3518,전화번호
3519,의료진
3520,가정의학과
3521,병원
3522,날씨
3523,진료 시간
3524,가정의학과
3525,처음으로
3526,진료 안내
3527,병원 안내
3528,전화번호
3529,시간
3530,경쟁률보기
3531,경쟁률보기
3532,병원 안내
3533,위치
3534,전화번호
3535,가정의학과 위치
3536,정형외과 위치
3537,소아심장과 위치
3538,2. 진료 예약
3539,정시 경쟁률보기
3540,편입학 경쟁률보기
3541,학생부종합 경쟁률보기
3542,8월
3543,2월
3544,7월
3545,코가 아파
3546,진료 예약
3547,2. 진료 예약
3548,상세정보
3549,대학안내
3550,학생식당 오늘 열어?
3551,상세정보
3552,하이
3553,하이
3554,하이
3555,식당 위치 알려줭
3556,식당 위치 알려줭
3557,진료 안내
3558,진료 위치
3559,가정의학
3560,진료 예약
3561,진료 예약
3562,시험
3563,진료 위치
3564,병리과
3565,진료 예약
3566,대학안내
3567,병원 안내
3568,위치
3569,할수있는개 머야
3570,못알아듣는게 불편해
3571,동문서답 하지말고
3572,1
3573,1
3574,병원안내
3575,기타안내
3576,편의시설
3577,식당
3578,위치 알려줘
3579,진료과
3580,병원 안내
3581,위치
3582,주차장
3583,예
3584,병원 안내
3585,위치
3586,주차장
3587,병원안내
3588,병원안내
3589,위치
3590,병원
3591,주차장
3592,대학안내
3593,식당 위치
3594,예
3595,아니오
3596,예
3597,대학 안내
3598,대학안내
3599,진료 예약
3600,대학안내
3601,식당 시간
3602,생활관식당
3603,turn on
3604,turn on the wipers
3605,yes
3606,yes
3607,진료 안내
3608,병원 안내
3609,진료 안내
3610,병원 안내
3611,전화번호
3612,진료 전화
3613,재활병원
3614,진료 예약
3615,아니오
3616,예
3617,대학안내
3618,식당 시간
3619,예약해줘
3620,병원 안내
3621,위치
3622,주차장
3623,병원
3624,진료 시간
3625,감염내과
3626,연세암병원
3627,종양내과
3628,대학안내
3629,식당 시간
3630,대학생활안내
3631,한울 식당 언제야
3632,예약
3633,가정의학과
3634,위치
3635,진료 예약
3636,대학생활안내
3637,식당 시간
3638,진료 시간
3639,가정의학
3640,1. 진료과
3641,진료 위치
3642,가정의학
3643,가정의학과
3644,진료 전화
3645,7. 어린이병원
3646,진료 예약
3647,병원 안내
3648,위치
3649,주차장
3650,병원
3651,진료 위치
3652,노년내과
3653,병원 안내
3654,소개
3655,예
3656,A병동
3657,진료과
3658,가정의학과
3659,심재용
3660,예
3661,2018-2-9
3662,2018-2-20
3663,09:00AM
3664,채혈시 연락해주세요~!
3665,예
3666,처음으로
3667,처음으로
3668,진료 안내
3669,시간
3670,가정의학과
3671,아니오
3672,예
3673,3. 병원 안내
3674,2. 진료 예약
3675,2. 진료 예약
3676,성적
3677,예
3678,아니오
3679,하이
3680,하이
3681,예약해줘
3682,병원 위치
3683,병원 안내
3684,병원 위치
3685,병원 소개
3686,대학안내
3687,식당 시간
3688,의료진
3689,가정의학과
3690,진료 시간
3691,가정의학과
3692,예
3693,진료 연락
3694,안 이비인후과병원
3695,안과
3696,대학생활안내
3697,식당 시간
3698,한울식당
3699,바보
3700,바보
3701,바보
3702,바보
3703,바보
3704,오늘 날씨
3705,나 심심해
3706,나 슬퍼
3707,진료 안내
3708,처음으로
3709,진료안내
3710,위치
3711,전화번호
3712,시간
3713,소개
3714,병원 안내
3715,전화번호
3716,식당
3717,진료 예약
3718,성적
3719,성적경고
3720,출석
3721,출석
3722,상세정보
3723,안녕
3724,안녕
3725,진료 예약
3726,진료 예약
3727,뭐해
3728,응
3729,오늘 날씨 어때
3730,수고
3731,짝짝
3732,굿잡
3733,고맙다
3734,고마워
3735,감사
3736,땡큐
3737,수고했어
3738,잘했어
3739,사랑해
3740,알라뷰
3741,알러뷰
3742,사랑한다
3743,나 생일이야
3744,너 생일이 언제야
3745,여자야 남자야
3746,수컷?
3747,같이 놀자
3748,심심해
3749,너 누구야
3750,취미가 모야
3751,취미가 뭐야?
3752,최고
3753,짱
3754,잘만들었ㄴ요
3755,특기가 뭐야
3756,니 특기가 뭐니
3757,ㅋㅋ
3758,ㅎㅎ
3759,더워
3760,추워
3761,너 할줄 아는게 뭐야
3762,이상형이 뭐야
3763,혈액형이 모야
3764,몇살이니
3765,오늘 날씨 어때
3766,배고파요
3767,배가 고파요
3768,멍청
3769,이런 멍청한놈
3770,씨발
3771,요즘 음악 추천해줘
3772,물어봐도 돼요?
3773,무슨 직업을 가져야 할까요
3774,뭐 좀 물어봐도 돼요?
3775,퇴근은 언제 하니
3776,크리스마스
3777,너그 아버지 뭐하시노
3778,어디 살아
3779,재밌는 이야기 해줘
3780,너랑 알파고랑 누가 더 쎄니
3781,뭐 좋아해?
3782,뭐를 좋아해
3783,넌 뭐가 좋아?
3784,예
3785,아니오
3786,진료 예약
3787,진료 예약
3788,진료 연락
3789,진료 예약
3790,진료 안내
3791,진료 예약
3792,진료 예약
3793,진료 안내
3794,전화번호
3795,안녕
3796,안녕
3797,하이
3798,진료 예약
3799,대학안내
3800,식당 위치
3801,진료 안내
3802,진료 예약
3803,3. 병원 안내
3804,1. 진료 안내
3805,진료 예약
3806,진료 예약
3807,진료 예약
3808,그래
3809,2
3810,대학안내
3811,학사안내
3812,병리과
3813,위치
3814,1. 진료 안내
3815,전화번호
3816,사회사업실
3817,AirChat 소개
3818,Watson
3819,Watson
3820,수시 경쟁률보기
3821,진료 예약
3822,1. 진료 안내
3823,위치
3824,병원
3825,진료 위치
3826,병리
3827,1. 진료 안내
3828,2. 진료 예약
3829,병원 안내
3830,위치
3831,주차장
3832,병원
3833,정시 경쟁률보기
3834,위치 알려줘
3835,진료과
3836,병원 위치
3837,예
3838,진료 예약
3839,예
3840,아니오
3841,아니오
3842,진료 예약
3843,예
3844,진료 연락처
3845,대학안내
3846,학사안내
3847,대학안내
3848,기타서비스
3849,기타서비스
3850,셔틀 위치
3851,3호선 불광역
3852,2호선 신촌역
3853,예
3854,아니오
3855,9월
3856,진료 연락처
3857,진료 예약
3858,진료 예약
3859,진료 위치
3860,가정의학과
3861,진료 예약
3862,하이
3863,하이
3864,진료 예약
3865,예
3866,진료 안내
3867,진료 예약
3868,수시 경쟁률보기
3869,대학안내
3870,진료 안내
3871,진료 시간
3872,가정의학과
3873,진료 안내
3874,병원 안내
3875,성적
3876,성적안내
3877,2. 진료 예약
3878,어린이병원
3879,2. 진료 예약
3880,대학안내
3881,메뉴
3882,진료 위치
3883,가정의학
3884,진료 위치
3885,가정의학과
3886,대학안내
3887,셔틀 시간
3888,2호선 신촌역
3889,진료 연락처
3890,병리과
3891,정형외과
3892,9월
3893,진료 위치
3894,7. 어린이병원
3895,소아정신과
3896,진료 예약
3897,갑상선클리닉 위치
3898,병원 안내
3899,위치
3900,병원
3901,주차장
3902,정산소
3903,진료 위치
3904,1월학사
3905,2월 학사
3906,5월
3907,6월
3908,3월
3909,대학안내
3910,식당 시간
3911,생활관식당
3912,진료 안내
3913,진료 위치
3914,가정의학
3915,진료 시간
3916,클리닉센터
3917,진료 위치
3918,가정의학
3919,진료 안내
3920,위치
3921,진료 위치
3922,가정의학과
3923,진료 시간
3924,가정의학
3925,진료과
3926,대학안내
3927,식당 시간
3928,병원 안내
3929,시간
3930,병원 안내
3931,전화번호
3932,장례식장
3933,축제
3934,성적
3935,성적
3936,성적안내
3937,재수강
3938,진료 안내
3939,전화번호
3940,가정의학과
3941,예
3942,진료 예약
3943,진료 전화
3944,가정의학과
3945,처음으로
3946,대학안내
3947,식당 시간
3948,생활관식당
3949,진료 연락처
3950,정형외과
3951,진료 예약
3952,가정의학과
3953,시간
3954,진료 안내
3955,위치
3956,병원 안내
3957,위치
3958,위치
3959,의료진
3960,가정의학과
3961,이덕철
3962,주차장 위치
3963,진료안내
3964,진료예약
3965,병원안내
3966,처음으로
3967,진료 위치
3968,가정의학
3969,대학안내
3970,셔틀 시간
3971,진료 연락처
3972,어린이병원
3973,병원 위치
3974,주차장 위치
3975,병원 안내
3976,진료 안내
3977,진료 예약
3978,소개
3979,대학안내
3980,식당 시간
3981,진료 예약
3982,배가 아파
3983,진료 위치
3984,가정의학
3985,2월
3986,3월
3987,진료 예약
3988,전화번호
3989,사회사업실
3990,진료 위치
3991,소화기내과
3992,4. 재활병원
3993,1. 진료 안내
3994,사랑해
3995,좋아해
3996,귀가 아파
3997,진료 예약
3998,병원 안내
3999,진료 안내
4000,병원 안내
4001,위치
4002,전화번호
4003,주차장 위치
4004,위치
4005,대학안내
4006,경쟁률보기
4007,경쟁률보기
4008,진료 안내
4009,병원 안내
4010,위치
4011,전화번호
4012,주차장 위치
4013,진료안내
4014,진료예약
4015,병원안내
4016,처음으로
4017,허이
4018,허이
4019,대학안내
4020,식당 시간
4021,1. 진료 안내
4022,진료 위치
4023,감염내과
4024,가정의학과
4025,대학안내
4026,식당 시간
4027,예
4028,진료 예약
4029,대학안내
4030,식당 시간
4031,진료 연락처
4032,진료 시간
4033,아니오
4034,시간
4035,시간
4036,진료 예약
4037,재활병원
4038,어린이병원
4039,요금 알려줘
4040,요금
4041,얼마야
4042,기타편의시설
4043,얼마야
4044,주차장
4045,진료 예약
4046,청향 위치
4047,청향 위치
4048,병원 안내
4049,진료 예약
4050,진료 예약
4051,진료 예약
4052,가정의학과 어디야?
4053,병원 안내
4054,소개
4055,채용공고
4056,안녕
4057,방가방가
4058,우리 친구 햄토리
4059,제일 좋아하는건
4060,까만 해바라기씨~~
4061,진료 안내
4062,전화번호
4063,시간
4064,전화번호
4065,병원 안내
4066,진료 안내
4067,1
4068,2
4069,진료 안내
4070,8월
4071,진료 예약
4072,진로 예약
4073,진료 안내
4074,전화번호
4075,대학안내
4076,식당 연락처
4077,식당 위치 알려줭
4078,식당 위치 알려줭
4079,병원 안내
4080,진료 예약
4081,서울의료원
4082,이런
4083,주사한방 놔주까
4084,날씨
4085,언재쯤 추위가 풀려
4086,진료 예약
4087,병원 안내
4088,오늘 날시 어때
4089,배고파
4090,진료 예약
4091,진료 예약
4092,귀가 아파
4093,진료 안내
4094,진료 예약
4095,hi
4096,hi
4097,hi
4098,bye
4099,병원 안내
4100,위치
4101,주차장
4102,병원
4103,병원안내
4104,편입학 경쟁률보기
4105,그래
4106,진료 예약
4107,주차장 위치
4108,진료안내
4109,진료예약
4110,병원안내
4111,처음으로
4112,신나는 음악은 뭐가 있을까?
4113,무엇을 물어보면 되니?
4114,어떻게 쓰는 거에요?
4115,사용방법 문의
4116,퇴근은 언제 하니
4117,가정의학과 진료 시간
4118,가정의학과 진료 위치
4119,진료 시간
4120,대학안내
4121,식당 시간
4122,대학안내
4123,학생식당 언제열어?
4124,진료 예약
4125,대학안내
4126,식당 시간
4127,진료 예약
4128,아뇨
4129,진료과 위치
4130,축제
4131,시험
4132,시험
4133,4월
4134,2. 진료 예약
4135,진료 예약
4136,진료예약
4137,hi
4138,hi
4139,hay
4140,진료 예약
4141,진료 전화
4142,진료 시간
4143,가정의학과
4144,진료안내
4145,병원안내
4146,병원 안내
4147,진료 예약
4148,진료 예약
4149,진료 위치
4150,병리과
4151,진료 연락처
4152,재활병원
4153,가정의학과
4154,소아심장과
4155,연세암병원
4156,클리닉
4157,9월
4158,진료 위치
4159,대학생활안내
4160,식당 시간
4161,배가 아파
4162,눈이 아파
4163,진료 위치
4164,진료 위치
4165,병리과
4166,진료시간
4167,상세정보
4168,병원 안내
4169,진료 예약
4170,소개
4171,오늘 날씨 어때
4172,학사안내
4173,대학안내
4174,식당 시간
4175,진료 안내
4176,2월
4177,예
4178,대학안내
4179,셔틀 어디서 타
4180,병원
4181,진료 위치
4182,진료 예약
4183,주차장 위치
4184,처음으로
4185,아니
4186,j
4187,진료 위치
4188,1. 진료과
4189,가정의학
4190,1. 진료과
4191,식당 위치
4192,식당 위치
4193,식당 위치 알려줭
4194,병원 안내
4195,위치
4196,주차장
4197,병원
4198,우ㅏ치가 어디야
4199,날씨
4200,비오나?
4201,언재쯤 추위가 사그라드나
4202,씨발
4203,진료 위치
4204,진료 예약
4205,진료 안내
4206,진료 안내
4207,예
4208,아니오
4209,위치
4210,위치
4211,재활병원
4212,"안, 이비인후과병원"
4213,어린이병원
4214,연세암병원
4215,식당위치 알려줭
4216,학생부종합 경쟁률보기
4217,병원 안내
4218,진료 안내
4219,진료 예약
4220,병원 안내
4221,진료 예약
4222,진료 예약
4223,병원 안내
4224,진료 시간
4225,병리과
4226,진료 안내
4227,시간
4228,가정의학과
4229,진료예약
4230,3. 병원 안내
4231,진료 안내
4232,전화번호
4233,대학안내
4234,식당 위치
4235,진료 안내
4236,전화번호
4237,진료 위치
4238,병리
4239,대학안내
4240,대학안내
4241,식당 시간
4242,진료 예약
4243,진료 위치
4244,병리과
4245,진료 예약
4246,방가방가
4247,방가방가
4248,진료 위치
4249,대학안내
4250,식당 시간
4251,방가방가
4252,방가방가
4253,진료 시간
4254,가정의학과
4255,아니오
4256,아니오
4257,식당 시간
4258,대학안내
4259,식당 시간
4260,시험
4261,2월
4262,어떻게 쓰는거에요?
4263,알려 줄 수 있는 정보를 말해주세요
4264,퇴근은 언제하니
4265,진료 예약
4266,대학생활안내
4267,대학안내
4268,식당 시간
4269,진료 예약
4270,성적
4271,성적
4272,성적안내
4273,재수강
4274,병원 안내
4275,위치
4276,주차장
4277,병원
4278,진료 위치
4279,병리
4280,1. 진료 안내
4281,위치
4282,전화번호
4283,재활병원
4284,8월
4285,의료진
4286,가정의학과
4287,진료 예약
4288,진료 예약
4289,진료 위치
4290,병원 안내
4291,시간
4292,병원
4293,정산소
4294,주차장
4295,병원
4296,병원안내
4297,기타안내
4298,편의시설
4299,우리라운지
4300,1. 진료 안내
4301,진료 예약
4302,병원 안내
4303,시간
4304,식당
4305,세탁실
4306,진료예약
4307,예
4308,세브란스병원
4309,진료과
4310,가정의학과
4311,이덕철 진료시간 전문분야
4312,이덕철 진료시간 전문분야
4313,대학안내
4314,식당 메뉴
4315,약도
4316,약도
4317,병원 위치
4318,병원 안내
4319,위치
4320,병원 안내
4321,위치
4322,전화번호
4323,하니
4324,진료 위치
4325,병리과
4326,병원 안내
4327,대학안내
4328,식당 위치
4329,하이
4330,하이
4331,하이
4332,됐나
4333,식당 위치
4334,식당 위치
4335,진료 예약
4336,아니
4337,진료 예약
4338,예
4339,안녕
4340,안녕
4341,7월
4342,12월
4343,9월
4344,진료 위치
4345,노년내과
4346,진료 예약
4347,병원 안내
4348,진료 예약
4349,진료 안내
4350,하이
4351,하이
4352,진료 시간
4353,가정의학과
4354,진료안내
4355,처음으로
4356,병원
4357,8월
4358,주차장 어딨어?
4359,아니오
4360,예
4361,병원 안내
4362,위치
4363,병원
4364,처음으로
4365,식당 위치
4366,식당 위치
4367,진료 예약
4368,대학안내
4369,식당 위치
4370,진료 예약
4371,진료 예약
4372,예
4373,진료 안내
4374,위치
4375,외과
4376,아니오
4377,아니오
4378,진료 예약
4379,위치
4380,성적
4381,성적
4382,성적안내
4383,재수강
4384,성적
4385,성적안내
4386,예
4387,A병동
4388,진료과
4389,가정의학과
4390,강희철
4391,이덕철
4392,예
4393,2018-2-16
4394,09:00AM
4395,ㅁㄴㅇㄹ
4396,예
4397,처음으로
4398,처음으로
4399,병원 안내
4400,진료 예약
4401,진료 위치
4402,병리과
4403,진료 위치
4404,가정의학과
4405,진료 시간
4406,가정의학
4407,재활의학과
4408,진료 위치
4409,가정의학
4410,진료 안내
4411,진료 예약
4412,시간
4413,심장혈관병원
4414,안_이비인후과병원
4415,어린이병원
4416,연세암병원
4417,진료 안내
4418,진료 예약
4419,진료 안내
4420,진료예약할래
4421,진료 예약
4422,진료 예약
4423,진료 안내
4424,전화번호
4425,진료 안내
4426,위치
4427,시간
4428,전화번호
4429,식당
4430,식당
4431,병리과
4432,시간
4433,대학안내
4434,식당 시간
4435,진료 안내
4436,진료 예약
4437,병원위치
4438,대학생활안내
4439,식당 시간
4440,대학안내
4441,기타서비스
4442,진료 안내
4443,위치
4444,가정의학과
4445,가정의학과
4446,병원안내
4447,진료안내
4448,병원 위치
4449,처음으로
4450,병원 위치
4451,병원 위치
4452,처음으로
4453,주차장 위치
4454,진료 연락처
4455,"안, 이비인후과병원"
4456,안과
4457,대학안내
4458,식당 시간
4459,병원 안내
4460,위치
4461,주차장
4462,병원안내
4463,병원안내
4464,진료 예약
4465,오늘 날씨 어때
4466,배고파
4467,추워
4468,사랑해
4469,사랑한다고
4470,시험
4471,축제
4472,대학안내
4473,식당 시간
4474,진료 안내
4475,전화번호
4476,진료 예약
4477,진료 예약
4478,대학안내
4479,길음역 어디
4480,성적
4481,성적등급기준
4482,출석
4483,출석
4484,진료 안내
4485,전화번호
4486,대학안내
4487,셔틀 위치
4488,2호선 잠실역
4489,예
4490,길음역 위치
4491,진료 예약
4492,예
4493,A병동
4494,진료과
4495,가정의학과
4496,심재용
4497,예
4498,2018-2-16
4499,09:00AM
4500,채혈시 연락주세요.
4501,예
4502,처음으로
4503,처음으로
4504,진료 안내
4505,진료 안내
4506,전화번호
4507,어린이병원
4508,진료 안내
4509,위치
4510,가정의학과
4511,예
4512,아니오
4513,처음으로
4514,진료 안내
4515,전화번호
4516,가정의학과
4517,아니오
4518,예
4519,진료 안내
4520,노래 불러줘
4521,노래 해줘
4522,말해줘
4523,말해줘
4524,예
4525,진료 예약
4526,진료 예약
4527,진료 위치
4528,병리과
4529,병리과
4530,병원 안내
4531,위치
4532,주차장
4533,병원
4534,turn on
4535,대학생활안내
4536,식당 시간
4537,진료 안내
4538,시간
4539,전화번호
4540,대학안내
4541,식당 시간
4542,시험
4543,대학안내
4544,셔틀 위치
4545,셔틀 연락처
4546,식당 메뉴
4547,대학안내
4548,진료 시간
4549,가정의학과
4550,성적
4551,성적안내
4552,8월
4553,소아심장과
4554,위치
4555,진료 시간
4556,가정의학과
4557,병리과
4558,감염내과
4559,소아심장과
4560,졸려요
4561,상세정보
4562,대학안내
4563,예
4564,A병동
4565,진료과
4566,가정의학과
4567,강희철
4568,예
4569,2018-2-16
4570,01:00PM
4571,"ok,l;"
4572,예
4573,진료안내
4574,진료안내
4575,전화번호
4576,심장혈관병원
4577,어린이병원
4578,연세암병원
4579,진료 위치
4580,노년내과
4581,진료 연락처
4582,성적
4583,성적등급기준
4584,성적안내
4585,성적안내
4586,진료 위치
4587,가정의학
4588,대학안내
4589,대학안내
4590,성적
4591,성적
4592,도서관
4593,의료진
4594,병원 안내
4595,전화번호
4596,진료 예약
4597,진료 예약
4598,진료 예약
4599,진료 연락처
4600,외과
4601,정형외과
4602,소아심장과
4603,진료 전화
4604,외과
4605,정형외과
4606,재활병원
4607,어린이병원
4608,상세정보
4609,진료 안내
4610,시간
4611,심장혈관병원
4612,진료 예약
4613,진료 안내
4614,식당 위치
4615,식당 위치
4616,식당 위치 알려줭
4617,식당 위치
4618,식당 위치 알려줭
4619,병원 안내
4620,위치
4621,주차장
4622,전화번호
4623,시간
4624,진료 안내
4625,외과
4626,챗봇 개발가이드
4627,챗봇 개발가이드
4628,상세정보
4629,병원 안내
4630,위치
4631,주차장
4632,병원
4633,대학안내
4634,식당 위치
4635,진료 예약
4636,의료진
4637,가정의학과
4638,진료 안내
4639,전화번호
4640,.하니
4641,.하니
4642,하이
4643,대학생활안내
4644,진료 예약
4645,ㅗ허ㅗ허
4646,ㅗ허ㅗ허호
4647,대학안내
4648,식당 메뉴
4649,진료 안내
4650,위치
4651,가정의학과
4652,진료예약
4653,대학안내
4654,오늘 식당 열어
4655,AirChat 소개
4656,AirChat UI
4657,WATSON 다이얼로그 등록
4658,WATSON 다이얼로그 등록
4659,WATSON 다이얼로그 등록
4660,WATSON 다이얼로그 등록
4661,WATSON 다이얼로그 등록
4662,WATSON 다이얼로그 등록
4663,WATSON 다이얼로그 등록
4664,WATSON 다이얼로그 등록
4665,WATSON 다이얼로그 등록
4666,WATSON 다이얼로그 등록
4667,A병동
4668,진료과
4669,감염내과
4670,NA
4671,감염내과
4672,가정의학과
4673,심재용
4674,예
4675,2018-3-2
4676,01:00PM
4677,ddd
4678,예
4679,진료예약
4680,진료예약
4681,아니오
4682,진료 예약
4683,예
4684,진료 예약
4685,대학안내
4686,식당 메뉴
4687,식당 위치
4688,네 ㅎㅎ
4689,진료 안내~~
4690,예약해줘
4691,병원 안내
4692,위치
4693,주차장
4694,진료 위치
4695,가정의학과
4696,진료 위치
4697,11월
4698,2. 진료 예약
4699,편입학 경쟁률보기
4700,진료 위치
4701,2
4702,대학안내
4703,하이
4704,노 패스
4705,잘 패스
4706,질 패스
4707,병원 위치
4708,하이
4709,하이
4710,하이
4711,하이
4712,진료 안내
4713,진료 예약
4714,가정의학과 어디야?
4715,진료 위치
4716,소화기내과
4717,외과
4718,진료 예약
4719,진료 안내
4720,예
4721,세브란스병원
4722,진료과
4723,가정의학과
4724,이덕철
4725,예
4726,예
4727,진료 안내
4728,시간
4729,식당 위치 알려줭
4730,식당 위치 알려줭
4731,진료 예약
4732,진료 시간
4733,감염내과
4734,가정의학
4735,진료 위치
4736,노년내과
4737,대학안내
4738,대학안내
4739,셔틀 시간
4740,2호선 잠실역
4741,셔틀 위치
4742,3호선 불광역
4743,진료 예약
4744,병리과
4745,시간
4746,진료 예약
4747,2월
4748,7월
4749,6월
4750,10월
4751,3월
4752,2월
4753,진료 위치
4754,병원 위치
4755,예
4756,3. 병원 안내
4757,요금
4758,주차장
4759,주차장 요금
4760,의료진
4761,가정의학과
4762,예
4763,진료 예약
4764,진료 예약
4765,대학안내
4766,식당 시간
4767,예
4768,제 1전공
4769,대학안내
4770,2. 진료 예약
4771,전화번호
4772,전화번호
4773,사회사업실
4774,호흡기내과
4775,전화
4776,진료 예약
4777,대학안내
4778,식당 시간
4779,시험
4780,축제
4781,2월
4782,병원 안내
4783,위치
4784,주차장
4785,병원
4786,진료 예약
4787,아니
4788,셔틀 위치
4789,셔틀 위치
4790,진료 예약
4791,식당 위치 알려줘
4792,식당 위치 알려줘
4793,학생식당 위치 알려줘
4794,대학안내
4795,식당 시간
4796,진료 안내
4797,병원 안내
4798,가정의학과
4799,시간
4800,하이
4801,하이
4802,병원 안내
4803,진료 시간
4804,가정의학과
4805,아니오
4806,예
4807,위치 알려줘
4808,진료과
4809,진료 예약
4810,대학생활안내
4811,기타서비스
4812,셔틀
4813,식당
4814,대학안내
4815,식당 시간
4816,예
4817,세브란스병원
4818,진료과
4819,가정의학과
4820,이덕철
4821,2018-2-14
4822,예약시간선택
4823,adfasdf
4824,예
4825,처음으로
4826,처음으로
4827,진료 예약
4828,병리과
4829,진료 위치
4830,진료 위치
4831,병리과
4832,진료 예약
4833,예
4834,병원이
4835,대학안내
4836,식당 위치
4837,생활관식당
4838,진료 예약
4839,예
4840,세브란스병원
4841,진료과
4842,가정의학과
4843,이덕철
4844,2018-2-15
4845,예약시간선택
4846,asdfasdf
4847,예
4848,처음으로
4849,처음으로
4850,ㅋㅋ
4851,ㅋㅋㅋ
4852,ㅋㅋㅋㅋ
4853,ㅋㅋㅋㅋㅋ
4854,ㅎㅎ
4855,힝
4856,메롱
4857,히이이잉
4858,헐
4859,어이없다
4860,어이없어
4861,내일 뉴스
4862,예
4863,진료 안내
4864,위치
4865,가정의학과
4866,진료안내
4867,진료예약
4868,병원안내
4869,병원안내
4870,위치 알려줘
4871,병원
4872,주차장
4873,진료 위치
4874,가정의학
4875,진료 안내
4876,대학생활안내
4877,식당 위치
4878,경쟁률보기
4879,경쟁률보기
4880,병리과
4881,위치
4882,시험
4883,성적
4884,출석
4885,식당 위치 알려줭
4886,식당 위치 알려줭
4887,밍ㄻㄴ;일ㄴㅇ;ㅣ람ㅇ;ㅣ마ㅜ이마후미ㅏㅜㅁ;ㅣ우
4888,룸;ㄴ임이;룸ㄴㅇ;ㅣㄻㅇ리ㅏㅁㄴ이룸ㄴㅇ;루
4889,AirChat 개발시작하기
4890,AirChat 개발시작하기
4891,진료 예약
4892,진료 안내
4893,전화번호
4894,심장혈관병원
4895,"안, 이비인후과병원"
4896,연세암병원
4897,진료 예약
4898,대학안내
4899,셔틀 위치
4900,3호선 불광역
4901,1호선 시청역
4902,3호선 불광역
4903,수시 경쟁률보기
4904,진료 시간
4905,가정의학과
4906,아니오
4907,네
4908,아니오
4909,병원 안내
4910,하이
4911,진료 전화
4912,가정의학
4913,재활병원
4914,대학안내
4915,식당 시간
4916,가정의학과 진료시간
4917,가정의학과
4918,병원 안내
4919,진료 예약
4920,핼로
4921,핼로
4922,진료 위치
4923,병리
4924,예
4925,A병동
4926,진료과
4927,가정의학과
4928,심재용
4929,예
4930,2018-2-8
4931,2018-2-20
4932,09:00AM
4933,채혈시에 연락주세요!
4934,예
4935,처음으로
4936,처음으로
4937,주차장 어딨어?
4938,아니오
4939,예
4940,진료 예약
4941,대학안내
4942,식당 위치
4943,아니오
4944,진료 예약
4945,진료 예약
4946,진료 예약
4947,진료 예약
4948,진료 안내
4949,병원 위치
4950,처음으로
4951,진료 전화
4952,감염내과
4953,심장혈관병원
4954,소아심장과
4955,진료 시간
4956,재활병원
4957,재활의학과
4958,진료 시간
4959,재활병원
4960,대학안내
4961,식당 시간
4962,시험
4963,상세정보
4964,예
4965,학사안내
4966,대학안내
4967,식당 시간
4968,생활관식당
4969,생활관식당
4970,병원 위치
4971,진료 위치
4972,진료 예약
4973,예
4974,아니오
4975,진료 예약
4976,진료 예약
4977,진료 예약
4978,시험
4979,진료 위치
4980,병리
4981,진료 시간
4982,가정의학과
4983,병리과
4984,가정의학과
4985,예
4986,진료 시간
4987,가정의학
4988,아니오
4989,예
4990,아니오
4991,진료 시간
4992,가정의학과
4993,가정의학과
4994,아니오
4995,아니오
4996,진료 위치
4997,가정의학
4998,진료 안내
4999,위치
5000,재활병원
5001,외과
5002,외과
5003,심장혈관병원
5004,심장혈관병원
5005,심장혈관병원
5006,심장혈관병원
5007,연세암병원
5008,연세암병원
5009,소개
5010,재활병원
5011,재활병원
5012,"안, 이비인후과병원"
5013,"안, 이비인후과병원"
5014,클리닉센터
5015,클리닉센터
5016,하이
5017,방가
5018,안녕
5019,할까말까
5020,미려
5021,진료 안내
5022,위치
5023,전화번호
5024,대학안내
5025,식당 시간
5026,예
5027,예
5028,대학생활안내
5029,식당 위치
5030,대학생활안내
5031,대학안내
5032,식당 메뉴
5033,진료 예약
5034,진료 예약
5035,대학안내
5036,셔틀 위치
5037,3호선 압구정역
5038,예
5039,3월
5040,예
5041,상세정보
5042,진료 예약
5043,예
5044,4월
5045,대학안내
5046,기타서비스
5047,기타서비스
5048,진료 예약
5049,상세정보
5050,1. 진료 안내
5051,병원 위치
5052,3. 병원 안내
5053,2. 진료 예약
5054,진료 연락
5055,안 이비인후과 병원
5056,안과
5057,진료 안내
5058,진료 예약
5059,전화번호
5060,심장혈관병원
5061,클리닉센터
5062,"안, 이비인후과병원"
5063,담당자 연결하기
5064,담당자 연결하기
5065,대학안내
5066,식당 연락처
5067,병원 안내
5068,위치
5069,주차장
5070,병원
5071,진료 예약
5072,병원 안내
5073,주차장 위치
5074,진료 예약
5075,진료 안내
5076,3월
5077,예
5078,9월
5079,아니오
5080,예
5081,축제 일정 알려줘
5082,축제 일정 알려줘
5083,식당
5084,식당
5085,진료 예약
5086,진료 위치
5087,병리과
5088,얼마야
5089,기타시설
5090,병원 안내
5091,위치
5092,병원
5093,주차장
5094,식당 위치 알려줭
5095,진료 시간
5096,가정의학과
5097,아니오
5098,예
5099,아니오
5100,편입학 경쟁률보기
5101,병원 안내
5102,위치
5103,병원
5104,주차장
5105,8월
5106,병원 안내
5107,전화번호
5108,소개
5109,소개
5110,상세정보
5111,진료 시간
5112,가정의학과
5113,예
5114,예
5115,진료 예약
5116,병원 안내
5117,시간
5118,소개
5119,대학안내
5120,셔틀 시간
5121,3호선 압구정역
5122,진료 위치
5123,병리과
5124,진료 예약
5125,진료 시간
5126,가정의학
5127,진료 예약
5128,진료 시간
5129,가정의학과
5130,병원안내
5131,축제
5132,힝
5133,ㅋㅋ
5134,ㅎㅎ
5135,대학안내
5136,식당 시간
5137,진료과
5138,1
5139,진료과
5140,2
5141,진료과
5142,병원
5143,진료 예약
5144,병원
5145,위치
5146,진료 위치
5147,병리
5148,제 1전공
5149,진료 위치
5150,가정의학
5151,진료 위치
5152,병리
5153,진료 예약
5154,진료 안내
5155,성적
5156,성적안내
5157,예
5158,진료 위치
5159,진료 안내
5160,예
5161,A병동
5162,진료과
5163,감염내과
5164,병원 위치
5165,병원 위치
5166,정산소
5167,버스
5168,진료 예약
5169,예
5170,진료 예약
5171,진료 안내
5172,전화번호
5173,"안, 이비인후과병원"
5174,진료 예약
5175,진료 위치
5176,병리
5177,진료 안내
5178,대학안내
5179,식당 시간
5180,병원 안내
5181,위치
5182,의료진
5183,가정의학과
5184,대학안내
5185,식당 시간
5186,시험
5187,3월
5188,대학생활안내
5189,식당 위치
5190,식당 위치
5191,진료 위치
5192,가정의학과
5193,대학안내
5194,진료 예약
5195,진료 위치
5196,어린이병원
5197,병원 안내
5198,위치
5199,시간
5200,진료 시간
5201,가정의학과
5202,예
5203,진료 위치
5204,2. 진료 예약
5205,의료진
5206,가정의학과
5207,안녕
5208,반가워
5209,이자식아
5210,눈온다
5211,눈이 올까요
5212,안녕
5213,날씨가 어때
5214,고마워요
5215,감사해요
5216,저리가
5217,제1전공
5218,변경정보
5219,변경정보
5220,진료 시간
5221,가정의학
5222,진료 전화
5223,병원 위치
5224,병원
5225,대학안내
5226,8월
5227,병리과
5228,시간
5229,진료 안내
5230,대학안내
5231,셔틀 위치
5232,3호선 압구정역
5233,2호선 잠실역
5234,대학생활안내
5235,식당 위치
5236,식당 시간
5237,진료 시간
5238,클리닉
5239,간센터
5240,병원 약도
5241,감염내과
5242,위치
5243,대학안내
5244,진료 예약
5245,병원 안내
5246,위치
5247,주차장
5248,병원
5249,수시 경쟁률보기
5250,식당 시간
5251,식당 위치
5252,식당 시간
5253,생활관식당
5254,식당 시간
5255,진료 예약
5256,진료 위치
5257,가정의학
5258,그래
5259,진료 예약
5260,진료 예약
5261,진료 예약
5262,진료 예약
5263,진료 시간
5264,재활병원
5265,소아심장과
5266,이덕철 예약
5267,진료 예약
5268,예
5269,진료 위치
5270,가정의학과
5271,눈이 아파
5272,진료 예약
5273,진료 위치
5274,병리과
5275,진료 안내
5276,진료 예약
5277,예
5278,예
5279,예
5280,병원 안내
5281,위치
5282,주차장
5283,병원
5284,진료 예약
5285,진료 예약
5286,진료 시간
5287,가정의학과
5288,예
5289,하이
5290,진료 예약
5291,대학안내
5292,식당 시간
5293,진료예약
5294,예
5295,세브란스병원
5296,진료과
5297,가정의학과
5298,이덕철
5299,2018-2-13
5300,예약시간선택
5301,ㅇㄹㅇㄹㅇ
5302,예
5303,병원안내
5304,병원안내
5305,위치
5306,주차장
5307,8월
5308,대학안내
5309,대학안내
5310,식당 시간
5311,예
5312,대학안내
5313,식당시간
5314,대학안내
5315,식당 시간
5316,진료 예약
5317,네
5318,병원 안내
5319,위치
5320,정산소
5321,상세정보
5322,예배안내
5323,전화번호
5324,사회사업실
5325,예배안내
5326,진찰및진료
5327,전화번호
5328,의료진
5329,가정의학과
5330,식당
5331,식당
5332,진료 안내
5333,진료 예약
5334,소개
5335,전화번호알려줘
5336,아뭐야ㅡㅡ
5337,병원
5338,주차장
5339,주차장정보
5340,몇시야
5341,지금몇시야
5342,오늘은 몇일이야?
5343,날짜
5344,재밌는얘기해죠
5345,좋은 노래 추천해줘
5346,너 바보냐
5347,그래
5348,너 몇살?
5349,0살
5350,10살
5351,5살?
5352,몇살이야?
5353,너 바보지?
5354,진료 예약
5355,아니오
5356,예
5357,예
5358,상세정보
5359,진료 예약
5360,진료 안내
5361,대학생활안내
5362,안녕
5363,안녕
5364,대학안내
5365,식당 시간
5366,진료 예약
5367,병원 위치
5368,식당 위치 알려줭
5369,식당 위치 알려줭
5370,성적
5371,식당 연락처
5372,식당 연락처
5373,대학생활안내
5374,식당 위치
5375,불광역 셔틀 위치
5376,대학안내
5377,대학안내
5378,기타서비스
5379,기타서비스
5380,셔틀 위치
5381,진료 예약
5382,진료 안내
5383,진료 예약
5384,진료 예약
5385,심재용
5386,2018-2-15
5387,예약시간선택
5388,ㅂㅈㄷㄱ
5389,예
5390,처음으로
5391,처음으로
5392,진료 예약
5393,예
5394,진료 예약
5395,대학생활안내
5396,한울 식당 언제야
5397,식당
5398,대학생활안내
5399,식당
5400,식당
5401,진료 시간
5402,1. 진료과
5403,병리
5404,가정의학
5405,재활병원
5406,병원 안내
5407,시간
5408,병원
5409,하이
5410,하이
5411,2. 진료 예약
5412,3. 병원 안내
5413,3호선 셔틀 위치
5414,대학안내
5415,셔틀 시간
5416,2호선 신촌역
5417,진료 예약
5418,진료 위치
5419,가정의학
5420,바보야
5421,바보야
5422,바보야
5423,주차장
5424,바보야
5425,안녕
5426,하이
5427,안녕
5428,진료 안내
5429,전화번호
5430,심장혈관병원
5431,연세암병원
5432,심장혈관병원
5433,연세암병원
5434,시간
5435,외과
5436,내과
5437,심장혈관병원
5438,클리닉센터
5439,진료 예약
5440,안녕
5441,ㄹ로
5442,어디 사세요
5443,집은 어디니
5444,몇층이야
5445,나이는?
5446,나이는?
5447,진료 시간
5448,1. 진료과
5449,가정의학
5450,병원 안내
5451,위치
5452,주차장
5453,병원
5454,가정의학과
5455,시간
5456,편입학 경쟁률보기
5457,병원 위치
5458,병원 위치
5459,병원안내
5460,위치
5461,가정의학과
5462,위치
5463,병원 위치
5464,2월
5465,대학안내
5466,셔틀 어디서 타
5467,8월
5468,2. 진료 예약
5469,재활병원
5470,3. 병원 안내
5471,진료 위치
5472,병리
5473,진료 위치
5474,병리과
5475,대학안내
5476,식당 위치
5477,대학안내
5478,식당 시간
5479,대학안내
5480,상세정보
5481,진료 전화
5482,가정의학
5483,힝
5484,대학안내
5485,셔틀 위치
5486,1호선 시청역
5487,병원 안내
5488,병원 안내
5489,진료 예약
5490,진료 연락처
5491,가정의학과
5492,8월
5493,진료 예약
5494,진료 예약
5495,예
5496,진료 예약
5497,편입학 경쟁률보기
5498,진료 예약
5499,병원 안내
5500,소개
5501,채용공고
5502,진료 예약
5503,2. 진료 예약
5504,진료 위치
5505,가정의학
5506,진료 예약
5507,성적
5508,성적등급기준
5509,성적등급기준
5510,출석
5511,출석
5512,진료 예약
5513,병원 위치
5514,병원
5515,진료 예약
5516,전화번호 알려줘
5517,대학안내
5518,식당 시간
5519,병원안내
5520,전화번호
5521,진료과
5522,가정의학과
5523,진료 연락처
5524,병원 위치
5525,상세정보
5526,진료 예약
5527,예
5528,하이
5529,허이
5530,허이
5531,진료안내
5532,요금
5533,병원시설
5534,병원 위치
5535,예
5536,아니오
5537,하이
5538,진료 예약
5539,진료 위치
5540,가정의학과
5541,처음으로
5542,대학안내
5543,식당 연락처
5544,의료진
5545,가정의학과
5546,제 1전공
5547,1. 진료 안내
5548,2. 진료 예약
5549,3. 병원 안내
5550,위치 알려줘
5551,4
5552,약도
5553,주차장
5554,주차요금
5555,성적
5556,성적경고
5557,진료 위치
5558,가정의학과
5559,감염내과
5560,시간
5561,병원 위치
5562,정산소
5563,병원
5564,버스
5565,병원 위치
5566,대학안내
5567,셔틀 위치
5568,진료 예약
5569,상세정보
5570,예
5571,A병동
5572,진료예약
5573,의료진
5574,병리과
5575,예
5576,아니오
5577,대학안내
5578,식당 위치
5579,성적
5580,성적안내
5581,진료 예약
5582,진료 안내
5583,위치
5584,가정의학과
5585,예
5586,진료 안내
5587,전화번호
5588,병리과
5589,의료진
5590,가정의학과
5591,"이덕철
진료시간 : 월수금 4시
전문분야 : 가정평화"
5592,"이덕철
진료시간 : 월수금 4시
전문분야 : 가정평화"
5593,"이덕철
진료시간 : 월수금 4시
전문분야 : 가정평화"
5594,진료 예약
5595,대학안내
5596,식당 시간
5597,주차장 위치
5598,병원 위치
5599,병원안내
5600,2월
5601,3. 병원 안내
5602,진료 위치
5603,감염내과
5604,시간
5605,안녕하세요
5606,안녕하세요
5607,이지아 바보
5608,고맙습니다
5609,진료 절차 알려줘
5610,보험별 이용아내
5611,보험별 이용 안내
5612,보험별 이용안내 확인하기
5613,보험별 이용안내
5614,보험별 이용안내
5615,보험별 이용안내
5616,성적
5617,성적안내
5618,성적안내
5619,성적안내
5620,성적안내
5621,성적안내
5622,성적안내
5623,성적안내
5624,병원 안내
5625,병원 위치
5626,하이
5627,하이
5628,진료 시간
5629,1. 진료과
5630,병리
5631,4. 재활병원
5632,진료 예약
5633,진료 안내
5634,진료 안내
5635,위치
5636,병리과
5637,진료예약
5638,시간
5639,시험
5640,축제
5641,성적
5642,성적안내
5643,대학안내
5644,식당 시간
5645,대학안내
5646,셔틀 위치
5647,3호선 불광역
5648,예
5649,대학안내
5650,식당 위치
5651,진료 예약
5652,주차장 위치
5653,예
5654,대학안내
5655,병원 안내
5656,위치
5657,병원
5658,병원안내
5659,주차장
5660,편입학 경쟁률보기
5661,대학안내
5662,식당 시간
5663,예
5664,대학안내
5665,식당 시간
5666,예
5667,대학안내
5668,식당 시간
5669,예
5670,대학안내
5671,식당 시간
5672,예
5673,대학안내
5674,식당 시간
5675,예
5676,대학안내
5677,식당 시간
5678,예
5679,대학안내
5680,식당 시간
5681,예
5682,대학안내
5683,식당 시간
5684,예
5685,대학안내
5686,식당 시간
5687,예
5688,대학안내
5689,식당 시간
5690,예
5691,대학안내
5692,식당 시간
5693,예
5694,대학안내
5695,식당 시간
5696,대학안내
5697,시청역 시간!
5698,2. 진료 예약
5699,대학안내
5700,상세정보
5701,진료 예약
5702,예
5703,아니오
5704,아니오
5705,하이
5706,진료 예약
5707,진료 위치
5708,노년내과
5709,한울식당 어디있어?
5710,진료 안내
5711,airchat이 뭐냐?
5712,airchat이 뭐냐?
5713,프로필사야
5714,호텔이 어디에 있냐
5715,배가 아파요
5716,병원
5717,대학안내
5718,식당 시간
5719,병원
5720,1
5721,진료 안내
5722,아니
5723,대학안내
5724,식당 시간
5725,대학안내
5726,셔틀 위치
5727,식당 위치
5728,식당 위치
5729,하이
5730,하이
5731,헤이
5732,ㄹㄴㅇㄹㅇ
5733,하나
5734,화이
5735,하이
5736,병원 안내
5737,진료 안내
5738,진료 예약
5739,진료 안내
5740,2
5741,그래
5742,그래
5743,그래
5744,진료 안내
5745,소개
5746,진료 예약
5747,예
5748,A병동
5749,진료 위치
5750,7. 어린이병원
5751,소아신경과
5752,대학안내
5753,식당 시간
5754,진료 안내
5755,진료 아내
5756,챗봇개발 어떻게 해요?
5757,챗봇개발 어떻게 해요?
5758,예
5759,A병동
5760,진료과
5761,가정의학과
5762,강희철
5763,심재용
5764,예
5765,2018-2-14
5766,01:00PM
5767,없음
5768,예
5769,병원안내
5770,병원안내
5771,시간
5772,위치
5773,진료안내
5774,위치
5775,전화번호
5776,시간
5777,소개
5778,대학안내
5779,셔틀 연락처
5780,2호선 신촌역
5781,대학안내
5782,식당 연락처
5783,생활관식당
5784,진료과 위치
5785,가정의학과
5786,시간
5787,대학생활안내
5788,식당 위치
5789,식당 시간
5790,진료 예약
5791,진료 예약
5792,처음으로
5793,진료 예약
5794,소아심장과
5795,위치
5796,예
5797,네
5798,네
5799,처음으로
5800,진료 예약
5801,병리과
5802,위치
5803,진료 예약
5804,예
5805,병원 안내
5806,진료 예약
5807,소개
5808,진료 연락처
5809,가정의학과
5810,병리과
5811,감염내과
5812,AirChat으로 개발시작하기
5813,허이
5814,허이
5815,병원 안내
5816,위치
5817,주차장
5818,병원
5819,주차장
5820,진료 연락
5821,클리닉
5822,경쟁률보기
5823,의료진
5824,대학안내
5825,진료 예약
5826,진료 예약
5827,싫어요
5828,귀가 아파
5829,병원안내
5830,진료안내
5831,진료예약
5832,식당
5833,식당
5834,병원 안내
5835,위치
5836,주차장
5837,진료 위치
5838,가정의학과
5839,대학안내
5840,학사안내
5841,대학안내
5842,예
5843,A병동
5844,진료과
5845,가정의학과
5846,이덕철
5847,예
5848,2018-2-16
5849,01:00PM
5850,사람 많아요?
5851,예
5852,진료예약
5853,진료예약
5854,진료 예약
5855,대학안내
5856,식당 시간
5857,진료 위치
5858,재활병원
5859,가정의학과
5860,전화
5861,진료 위치
5862,대학안내
5863,셔틀 어디서 타
5864,병원 안내
5865,위치
5866,요금
5867,주차장
5868,편의점
5869,세탁실
5870,진료 예약
5871,대학생활안내
5872,진료 전화
5873,병리과
5874,처음으로
5875,병원 안내
5876,위치
5877,시험
5878,예
5879,아니오
5880,예
5881,병원 안내
5882,위치
5883,전화번호
5884,제1전공
5885,신청정보
5886,변경정보
5887,변경정보
5888,대학안내
5889,식당 시간
5890,병원 안내
5891,위치
5892,진료 안내
5893,위치
5894,5월
5895,가정의학과 위치
5896,진료 예약
5897,병원 안내
5898,시간
5899,병원 위치
5900,처음으로
5901,3. 병원 안내
5902,위치
5903,병원
5904,아니오
5905,처음으로
5906,진료 전화
5907,재활병원
5908,대학안내
5909,셔틀 위치
5910,3호선 압구정역
5911,아니오
5912,진료 안내
5913,진료 안내
5914,전화번호
5915,어린이병원
5916,외과
5917,연세암병원
5918,클리닉센터
5919,진료 예약
5920,대학안내
5921,가정의학과
5922,위치
5923,대학안내
5924,식당 시간
5925,대학안내
5926,대학안내
5927,진료 안내
5928,hi
5929,hi
5930,대학안내
5931,식당 시간
5932,식당
5933,식당
5934,청향 위치
5935,청향 위치
5936,경쟁률보기
5937,A병동
5938,진료과
5939,감염내과
5940,가정의학과
5941,이덕철
5942,예
5943,2018-2-26
5944,01:00PM
5945,ddd
5946,예
5947,진료안내
5948,진료안내
5949,처음으로
5950,진료 안내
5951,시간
5952,클리닉센터
5953,안녕
5954,작가
5955,오늘 날씨 어때
5956,오늘 날씨 어때
5957,예
5958,세브란스병원
5959,진료과
5960,가정의학과
5961,강희철
5962,예
5963,2018-2-13
5964,예약시간선택
5965,ㅎㅎㅎㅎ
5966,아니오
5967,아니오
5968,병원안내
5969,병원안내
5970,진료안내
5971,처음으로
5972,병원안내
5973,주차장 위치
5974,병원 위치
5975,병원안내
5976,진료안내
5977,처음으로
5978,대학안내
5979,식당 시간
5980,진료 안내
5981,하이
5982,병원
5983,예약
5984,대학안내
5985,식당시간
5986,진료 시간
5987,가정의학
5988,재활병원
5989,진료 위치
5990,가정의학과
5991,처음으로
5992,대학생활안내
5993,대학안내
5994,배고파
5995,뭐먹지
5996,병원 안내
5997,위치
5998,병원
5999,주차장
6000,대학안내
6001,셔틀 위치
6002,2호선 잠실역
6003,셔틀 위치
6004,병원 위치
6005,진료 예약
6006,시험
6007,대학안내
6008,식당 위치
6009,예
6010,대학안내
6011,대학안내
6012,식당 시간
6013,진료 안내
6014,위치
6015,전화번호
6016,시간
6017,대학안내
6018,식당 시간
6019,학생식당 시간
6020,청향
6021,학생식당 시간
6022,진료 예약
6023,식당 위치
6024,대학안내
6025,식당 위치
6026,병원 위치
6027,대학안내
6028,제1전공
6029,변경정보
6030,예
6031,대학생활안내
6032,식당 시간
6033,성적
6034,성적
6035,성적안내
6036,재수강
6037,진료 위치
6038,병리과
6039,시험
6040,예
6041,상세정보
6042,3. 병원 안내
6043,위치
6044,식당
6045,1. 진료 안내
6046,진료 안내
6047,식당 위치
6048,청향 위치
6049,병원 안내
6050,진료 예약
6051,대학안내
6052,병원 위치
6053,2월
6054,3월
6055,10월
6056,진료 예약
6057,수시 경쟁률보기
6058,대학안내
6059,셔틀 위치
6060,2호선 잠실역
6061,2호선 신촌역
6062,호흡기내과 위치
6063,호흡기내과 시간
6064,호흡기내과 연락처
6065,전화
6066,성적
6067,성적안내
6068,1. 진료 안내
6069,위치
6070,진료 위치
6071,병리과
6072,셔틀 어디서 타
6073,병원 안내
6074,위치
6075,주차장
6076,병원
6077,진료 안내
6078,진료 예약
6079,진료 위치
6080,가정의학과
6081,처음으로
6082,진료 예약
6083,대학안내
6084,식당 시간
6085,청향 전화번호가 뭐야?
6086,진료 시간
6087,재활병원
6088,감염내과
6089,8월
6090,전화번호
6091,진료과
6092,가정의학과
6093,흉부외과
6094,진료절차아내
6095,외래이용절차
6096,입원절차 알려줘
6097,의료진
6098,가정의학과
6099,병원안내
6100,식당 위치
6101,8월
6102,병원 안내
6103,진료 예약
6104,진료 위치
6105,가정의학
6106,대학안내
6107,대학안내
6108,대학안내
6109,대학안내
6110,대학안내
6111,셔틀 위치
6112,3호선 불광역
6113,1호선 시청역
6114,예
6115,예
6116,대학안내
6117,셔틀 연락처
6118,셔틀 위치
6119,3호선 불광역
6120,진료 위치
6121,병리
6122,진료 위치
6123,진료 위치
6124,1. 진료과
6125,피부과
6126,하이
6127,하이
6128,대학안내
6129,식당 위치
6130,생활관식당
6131,진료 위치
6132,8. 연세암병원
6133,종양내과
6134,대학안내
6135,셔틀 시간
6136,예
6137,예
6138,예
6139,hi
6140,hi
6141,진료 예약
6142,식당 위치
6143,식당 위치
6144,식당 연락처
6145,병원 안내
6146,위치
6147,주차장
6148,병원안내
6149,수시 경쟁률보기
6150,대학안내
6151,셔틀 연락처
6152,대학안내
6153,셔틀 시간
6154,2호선 신촌역
6155,8월
6156,진료 연락처
6157,7. 어린이병원
6158,2. 진료 예약
6159,병원 위치
6160,졸려
6161,졸려
6162,짜증나
6163,괴로워
6164,힝
6165,힝
6166,눈이 아파
6167,배가 아파
6168,진료 위치
6169,가정의학과
6170,주차장 위치
6171,진료 연락처
6172,감염내과
6173,상세정보
6174,눈이 아파
6175,맛집 추천해줘
6176,뭐먹지
6177,진료 예약
6178,식당 시간
6179,진료 안내
6180,진료 시간
6181,가정의학
6182,예
6183,대학안내
6184,진료 위치
6185,생활
6186,진료 예약
6187,진료 연락처
6188,감염내과
6189,시험
6190,4월
6191,대학안내
6192,대학안내
6193,식당 시간
6194,진료 안내
6195,아니
6196,그래
6197,상세정보
6198,진료시간
6199,가정의학과
6200,예
6201,뭐해
6202,넌 누구니
6203,좋아
6204,고마워
6205,아니오
6206,진료 안내
6207,진료 위치
6208,전화번호
6209,진료 시간
6210,대학안내
6211,청향 언제열어
6212,진료 시간
6213,가정의학
6214,진료 연락
6215,진료 위치
6216,병리
6217,네
6218,진료 안내
6219,시험
6220,진료 안내
6221,전화번호
6222,진료과
6223,진료 예약
6224,병원 안내
6225,위치
6226,소개
6227,시간
6228,재활병원
6229,어린이병원
6230,심장혈관병원
6231,클리닉센터
6232,내과
6233,대학안내
6234,식당 시간
6235,성적
6236,성적안내
6237,성적경고
6238,성적경고
6239,성적등급기준
6240,성적등급기준
6241,머리가 너무 어지러워
6242,머리가 아파여
6243,어디로 가야돼?
6244,대학안내
6245,식당 시간
6246,예
6247,대학안내
6248,셔틀 시간
6249,1호선 시청역
6250,진료 시간
6251,클리닉센터
6252,진료 예약
6253,오늘 날씨 좋아?
6254,뭐해?
6255,성적
6256,시험
6257,2월
6258,대학안내
6259,셔틀 위치
6260,2호선 잠실역
6261,식당 위치
6262,식당 위치
6263,성적
6264,시험
6265,축제
6266,방학
6267,대학안내
6268,식당 시간
6269,의료진
6270,가정의학과
6271,대학안내
6272,셔틀 연락처
6273,5호선 광화문역
6274,대학안내
6275,식당 시간
6276,예
6277,대학안내
6278,셔틀 시간
6279,2호선 잠실역
6280,아니오
6281,예
6282,방가방가
6283,방가방가
6284,대학안내
6285,식당 위치
6286,예
6287,대학안내
6288,식당 연락처
6289,아니오
6290,예
6291,대학안내
6292,셔틀 위치
6293,2호선 잠실역
6294,성적
6295,성적안내
6296,예
6297,세브란스병원
6298,진료과
6299,가정의학과
6300,이덕철 진료시간 전문분야
6301,이덕철 진료시간 전문분야
6302,AirChat 소개
6303,AirChat으로 개발시작하기
6304,WATSON 다이얼로그 등록
6305,안녕하세요
6306,안녕하세요
6307,병원 위치
6308,처음으로
6309,병원 위치
6310,예
6311,대학안내
6312,식당 위치
6313,진료 예약
6314,진료 안내
6315,위치
6316,진료 예약
6317,전화번호
6318,접수및외래안내
6319,전화번호
6320,의료진
6321,가정의학과
6322,병원 위치
6323,4월
6324,예
6325,12월
6326,아니오
6327,아니오
6328,진료 예약
6329,싫어요
6330,가정의학과
6331,위치
6332,위치
6333,병원
6334,식당
6335,진료 예약
6336,병원 위치
6337,병원안내
6338,오늘 날씨 어때
6339,식당 위치
6340,식당 위치
6341,진료 시간
6342,센터
6343,진료 예약
6344,대학안내
6345,식당 시간
6346,진료 예약
6347,대학안내
6348,식당 시간
6349,외과
6350,진료 안내
6351,진료 위치
6352,진료고
6353,대학안내
6354,ㅎㄹ로
6355,대학안내
6356,식당 위치
6357,8월
6358,병원
6359,1
6360,안녕하세요
6361,감기에 걸렸어요
6362,1
6363,1
6364,약도
6365,주차장
6366,주차요금
6367,진료 예약
6368,병원 안내
6369,위치
6370,주차장
6371,병원
6372,무슨병원
6373,1
6374,2
6375,3
6376,언론보도
6377,제 1전공
6378,대학안내
6379,진료 위치
6380,가정의학과
6381,처음으로
6382,진료 위치
6383,1. 진료 안내
6384,대학안내
6385,식당 시간
6386,대학안내
6387,대학안내
6388,성적
6389,성적
6390,진료 안내
6391,병원 안내
6392,대학안내
6393,식당 연락처
6394,대학안내
6395,셔틀 위치
6396,1호선 시청역
6397,예
6398,진료 위치
6399,가정의학과
6400,대학안내
6401,식당 시간
6402,진료 예약
6403,진료 안내
6404,병원 안내
6405,위치
6406,전화번호
6407,주차장
6408,진료 예약
6409,진료 예약
6410,진료 예약
6411,위치 알려줘
6412,진료과
6413,성적
6414,진료 예약
6415,예
6416,2. 진료 예약
6417,머하나
6418,진료 예약
6419,진료 예약
6420,진료 전화
6421,가정의학과
6422,처음으로
6423,대학안내
6424,학사안내
6425,3월
6426,진료 예약
6427,병원 안내
6428,소개
6429,채용공고
6430,진료 안내
6431,전화번호
6432,가정의학과
6433,그래
6434,진료 예약
6435,그래
6436,2
6437,진료 연락처
6438,진료 연락처
6439,대학안내
6440,식당 시간
6441,병원 안내
6442,전화번호
6443,시간
6444,진료 위치
6445,가정의학
6446,병원 안내
6447,위치
6448,주차장
6449,병원
6450,성적
6451,진료 위치
6452,가정의학
6453,진료 안내
6454,8월
6455,AirChat으로 개발시작하기
6456,하이
6457,하이
6458,2. 진료 예약
6459,외과
6460,"안, 이비인후과병원"
6461,연세암병원
6462,진료 예약
6463,진료 예약
6464,진료 예약
6465,진료 예약
6466,진료안내
6467,병원 안내 부탁해
6468,식당 위치
6469,식당 위치
6470,진료 예약
6471,병원 안내
6472,아니오
6473,아니오
6474,진료 예약
6475,예
6476,병리과
6477,위치
6478,진료 위치
6479,가정의학
6480,재활병원
6481,하이
6482,하이
6483,배가 아파
6484,하이
6485,하이
6486,안녕
6487,진료 안내
6488,진료 예약
6489,전화번호
6490,대학안내
6491,식당 시간
6492,진료 예약
6493,병원 안내
6494,대학안내
6495,기타서비스
6496,기타서비스
6497,식당 메뉴
6498,식당 시간
6499,청향 번호가 뭔가요?
6500,식당 연락처
6501,진료 안내
6502,전화번호
6503,진료 예약
6504,3. 병원 안내
6505,2. 진료 예약
6506,1. 진료 안내
6507,상세정보
6508,진료 예약
6509,대학안내
6510,식당 시간
6511,생활관식당
6512,진료 시간
6513,재활병원
6514,소아심장과
6515,방가방가
6516,헬로
6517,대학안내
6518,식당 시간
6519,예
6520,대학안내
6521,식당 시간
6522,생활관식당
6523,위치 알려줘
6524,위치
6525,진료 연락처
6526,재활병원
6527,병원 안내
6528,위치
6529,병원
6530,주차장
6531,처음으로
6532,진료예약
6533,진료안내
6534,처음으로
6535,위치
6536,2. 진료 예약
6537,대학안내
6538,식당 어디
6539,진료 예약
6540,대학안내
6541,hi
6542,hi
6543,안녕하세요
6544,어디 병원이야
6545,병원 약도
6546,진료 예약
6547,진료 예약
6548,예
6549,아니오
6550,아니오
6551,진료 안내
6552,시간
6553,심장혈관병원
6554,진료 예약
6555,진료 안내
6556,병원 안내
6557,요금
6558,오늘 날씨는?
6559,배가 아파요
6560,어느 병원이 좋나요
6561,아니오
6562,그래
6563,진료 예약
6564,3. 병원 안내
6565,1. 진료 안내
6566,대학안내
6567,식당시간
6568,식당 위치 알려줭
6569,식당 위치 알려줭
6570,의료진
6571,진료 위치
6572,병리과
6573,진료 예약
6574,병원 안내
6575,진료 예약
6576,대학안내
6577,병원 위치
6578,5월
6579,병원 안내
6580,진료 안내
6581,식당 위치 알려줭
6582,식당 위치 알려줭
6583,대학안내
6584,식당 위치
6585,진료 예약
6586,제 1전공
6587,병리과
6588,위치
6589,성적
6590,성적안내
6591,대학안내
6592,셔틀 시간
6593,2호선 신촌역
6594,예
6595,8월
6596,진료 안내
6597,위치
6598,연세암병원
6599,정시 경쟁률보기
6600,1. 진료 안내
6601,2. 진료 예약
6602,3. 병원 안내
6603,2. 진료 예약
6604,시험
6605,병원 안내
6606,위치
6607,병원
6608,주차장
6609,병리과
6610,위치
6611,예약하려구요
6612,1
6613,진료 위치
6614,가정의학
6615,아니오
6616,대학안내
6617,식당 어디있어
6618,진료 예약
6619,진료 예약
6620,진료 예약
6621,진료 안내
6622,전화번호
6623,대학안내
6624,대학안내
6625,대학안내
6626,셔틀 연락처
6627,가정의학과
6628,시간
6629,hi
6630,hi
6631,진료 예약
6632,진료 시간
6633,가정의학
6634,재활병원
6635,대학안내
6636,진료 안내
6637,위치
6638,전화번호
6639,2월
6640,진료 예약
6641,예약해줘
6642,진료 안내
6643,위치
6644,진료예약
6645,hi
6646,call phone
6647,weather
6648,진료 예약
6649,병원 안내
6650,위치
6651,전화번호
6652,소개
6653,"안, 이비인후과병원"
6654,"안, 이비인후과병원"
6655,연세암병원
6656,연세암병원
6657,어린이병원
6658,어린이병원
6659,편의점
6660,어린이병원
6661,어린이병원
6662,클리닉센터
6663,클리닉센터
6664,어린이병원
6665,어린이병원
6666,재활병원
6667,재활병원
6668,외과
6669,외과
6670,진료 안내
6671,전화번호
6672,시간
6673,심장혈관병원
6674,어린이병원
6675,어린이병원
6676,외과
6677,외과
6678,안_이비인후과병원
6679,안_이비인후과병원
6680,연세암병원
6681,연세암병원
6682,병원 위치
6683,병원 안내
6684,위치
6685,진료 예약
6686,병원 약도
6687,병원 약도
6688,8월
6689,예
6690,A병동
6691,클리닉/센터
6692,당뇨병센터
6693,통증클리닉
6694,NA
6695,진료 예약
6696,진료 예약
6697,진료 예약
6698,병원 안내
6699,상세정보
6700,이런
6701,세탁
6702,세탁 맡겨도 돼나요?
6703,편의점
6704,식당 위치
6705,대학안내
6706,셔틀 위치
6707,2호선 신촌역
6708,셔틀 시간
6709,2호선 신촌역
6710,셔틀 연락처
6711,셔틀 연락처
6712,2호선 잠실역
6713,셔틀 연락처
6714,3호선 불광역
6715,셔틀 시간
6716,2호선 잠실역
6717,셔틀 시간
6718,3호선 압구정역
6719,병원 위치
6720,진료 안내
6721,진료 예약
6722,진료 예약
6723,대학안내
6724,진료 안내
6725,turn on
6726,하이
6727,하이
6728,의료진
6729,가정의학과
6730,예
6731,대학생활안내
6732,식당 시간
6733,그래
6734,진료 예약
6735,그래
6736,진료 예약
6737,대학안내
6738,식당 위치
6739,식당 위치
6740,진료 예약
6741,아니
6742,진료 예약
6743,아니
6744,진료 안내
6745,아니
6746,진료 연락처
6747,가정의학과
6748,처음으로
6749,대학안내
6750,셔틀 위치
6751,5호선 광화문역
6752,예
6753,대학안내
6754,셔틀 연락처
6755,예
6756,대학안내
6757,셔틀 시간
6758,예
6759,대학안내
6760,식당 시간
6761,예
6762,대학안내
6763,셔틀 연락처
6764,5월
6765,6월
6766,대학안내
6767,오늘 한울식당 열어?
6768,위치 알려줘
6769,진료과
6770,하이
6771,병원
6772,진료 시간
6773,1. 진료과
6774,감염내과
6775,연세암병원
6776,종양내과
6777,진료 안내
6778,배가 아파요
6779,수시 경쟁률보기
6780,정시 경쟁률보기
6781,편입학 경쟁률보기
6782,5월
6783,진료 위치
6784,병리
6785,진료 안내
6786,시간
6787,정형외과
6788,진료예약
6789,예
6790,진료 시간
6791,감염내과
6792,진료 위치
6793,가정의학
6794,진료 예약
6795,안녕?
6796,안녕
6797,대학안내
6798,1. 진료 안내
6799,3. 병원 안내
6800,진료 예약
6801,예
6802,하이
6803,하이
6804,성적
6805,성적
6806,의료진
6807,가정의학과
6808,처음으로
6809,의료진
6810,병리과
6811,처음으로
6812,의료진
6813,가정의학과
6814,진료 예약
6815,진료 안내
6816,전화번호
6817,위치
6818,진료 안내
6819,전화번호
6820,시험
6821,대학안내
6822,식당 시간
6823,의료진
6824,가정의학과
6825,진료 예약
6826,하이
6827,병원이 어디
6828,방가방가
6829,방가방가
6830,진료 예약
